symbol,title,link,published,source,sentiment_label,sentiment_score
RELIANCE,RIL shares fall over 2% post Q1 results; analysts say it missed estimates despite impressive numbers - Upstox,https://news.google.com/rss/articles/CBMi7AFBVV95cUxQWm4tbUticVZsclpKR0w5NXVtbzl3NG5KeG5YbEU3VzJzYmxoQzlFR1F1bS1MX3ZmenZyeHNtNzFITW12SkdaR19aa1JjTEd5eTJKVjI4TkZ1ZnhwN3VxZFJzdXN6c2RHMVB0RHk3WnhaajhLT0dlejM3d2tzcHN3ZmpINXVIVWxPcjV0Wm1Vd3ExSW5QSDJkMWxYSU05Z1k0RzVWc1FGRTN3UGpnQ1p4VlhDQk54OTVUQnR3YWxXNTFhTEtBWmliM1pfVnU3cGpHQ3MtLUpJbjhZTkFuZE8zQlR1RExWNnZCRzdCVQ?oc=5,"Wed, 18 Feb 2026 08:00:00 GMT",Upstox,negative,-0.4023
RELIANCE,Reliance Industries Limited (NSE:RELIANCE) Stock's Been Sliding But Fundamentals Look Decent: Will The Market Correct The Share Price In The Future? - simplywall.st,https://news.google.com/rss/articles/CBMi3gFBVV95cUxNaW9MWkV3aDBoVWtBTlpjMjJTNG5RRmxOSVpJMFNlVi1yVFNZOVM3OFpuU1Fod1JfZXFnRy10dks5R3UtTXN6blRVTEtBY19YSXQ5X0ZsRGZaOUh3RGNLczhQQmtGWHk0TEs0OE5FRjFQNmxEWFVXXzZrNHdnMlZvdTRRcDRVQWRjT1M4R0xLYmhoQkZkaFAxUWlZYzREMzVTMDhUWl9GUTc5T3RUaGJrVGhZUTRaZnZ3QUV4U09KTUIyTXBVWUhUT1U5Y2huZFJ4TElEeU96N3haWFBheUE?oc=5,"Thu, 05 Feb 2026 08:00:00 GMT",simplywall.st,positive,0.3291
RELIANCE,Reliance Industries share price slides in Sunday budget trade — what to know before MondayReliance IndustriesReliance Industries share price slides in Sunday budget trade — what to know before Monday - TechStock²,https://news.google.com/rss/articles/CBMiqAJBVV95cUxNQ1p4czItX3RROWxmLVRnQy04YUxxZlozb3RYYldHdWZRNGtIYTM0TGFHX281OTZ2akthbEIwdnBnZUJTcU1XMG9mVTFjd3c3TExFb1FBS2dRV3RJbkNBSjVtRFhaeEpkM2VKQ2o1aTJ2cWplLXctOXQ1eUpFckV0aGU0LU5VeDM0VzJGVzEtdV9BVDVvMjZBeTJvUDVFb0RNbTRQVUZBa3hjSW9FWnZEaWJxbXBuME9iU1lYNHZ4UGVMbnpCaG5KV1JjZzhJOVdZWVVaOWVYXzNudkpURWJMMTNEVG15UW5ldFFMREU2bUxqQmZMemgxenZRZHdyMVhjTDRMa1JNQUFNUktjRkxTXzBzcmdaSUg3YWR0NHBLX3ZOTnYtMjVhVA?oc=5,"Sun, 01 Feb 2026 08:00:00 GMT",TechStock²,positive,0.5267
RELIANCE,"Bloodbath! Why stock market fell today - Top reasons behind Sensex, Nifty crash - Business Today",https://news.google.com/rss/articles/CBMi9gFBVV95cUxNQzM5X0NkM0dGaGZTVlQtamxvQzJ6R09lTXZUd2o3V0xBU3dZM19LaGVGT1JEaWxhbnE2TzlYanp2OXN6SUR4aEVHTjAwR2NYMkQ0TTM1SUJSa1c4WDZVckdpNTI2Sm9jaTVINkVVOVNHSVJlcTBielNleXkxX3FqVldjNGFzaEJCT3pHVzkxNm9YVE0xVlpnX3BwSjdQQ2lzY0paUGtYMVBvTUp0aVpWVUdIYmJDdmxOZU9zaDhBSHR5Z2lFem1rNGUtTUpfZng5SGJKRnRkMzJTVFh3c1NQTmRPbjVMNTlZemVYdnJNRkNfcmFsY0HSAfsBQVVfeXFMUGtMWTN1TUM0Wlk5S3pZRzk3Zk16R0IxUV80ZUZfMXVtMFRnRDlCQW50M0pIYjI4UWxDZktfQW83WDM3bFMwZF95VmdETGh6T3NIR3JmVFY3U001SlFYT2FocEw0V1g4dzJicVNuSW1xTnF5dWpRZGpldkdPb0JJakp2QzZrVDMtRkhhU1RIeG1yYkw3NHkzRnN1aFkzclk5Vm5NYldNbkRJcjlsdE5QeGJjYkRuVDFGX1RzNVptd2ZrcWEtRkhldmFrQ2xONGozRFRBcWJGd1pMR2RVWm9GZ3ZmaHUwdGljTmNNVGRBb1pLNUFQb29HcjhYc28?oc=5,"Thu, 19 Feb 2026 10:18:55 GMT",Business Today,positive,0.2714
RELIANCE,"Reliance Industries share price rises nearly 2% today; brokerages bullish on O2C rebound, new energy... - Moneycontrol",https://news.google.com/rss/articles/CBMi_wFBVV95cUxPdXBTb0h3dDlCS1ZrZEdCXzh5T1dpR1liakM2Y0djS2xFb0FELVlVSE5hTDlmeXEzS0pQMGVmNl9wNnZvZDV1MkRrM19jM0ozTlNpUE1sZW9FNHdfem9wOGhCUzJEcHZ6YWYyQVFCQ3NBZFExeElIbHZFVUZTRktzV2I5cXNJaVpwbUljTUliWFE1eVVDSGk4X1p3cHRrTGlmd1JuSDBick5Kc01qTUxyY0dIRDZaZ3VuYU44cWViYVlrdHFpVEE1Yy1FWjNwY29LRHJsY1BVYm92aDlhTno2cHE0OVB3OXlwc2JLTUthV3ppcXFuclhEQ1MwNnRGYkXSAYQCQVVfeXFMUC0waEUtRy1TUDAxclpUUUxXdVZHY1NJTVl5YjFQd1g4dDlqeHZ6WEFEbEVWaVJNQndwVVFLYUdvTDFBWGJRVC1VLUhuOU4wOWxZTTNpQTVyM1ZtWVVfQkhUaUU2Z18tZGlseWFHU2g3bU94Tl9tbkdTOE9qc2FkQU5PcERFdjIyTndRM1Fhc3Vhd2pDaGJOSk1qaWZnSjJlQUs0ZlloZHNNbVUwX09pcTctV0tZcGhHWTNscTcxLW1raWVmak1QRGluelQ3VFF0QkZZNk9MaW05OEpMNjlXZHlSazVVTnNwM0dCa0p6Z3NPM1dHS0JnNkJGUWthWFZoWTRQU2Y?oc=5,"Thu, 20 Nov 2025 08:00:00 GMT",Moneycontrol,positive,0.5106
RELIANCE,Reliance Industries Sees Rs. 113.68 Crore Block Trade on NSE - scanx.trade,https://news.google.com/rss/articles/CBMiuwFBVV95cUxPVmo5WG01aFhCcnZNRVpIYWlYZWFHcFdiR1lueTZqcXBZYWx6SjAzZnVOWVNVbVZLdTJyWXJGU05IT0twZHR2MExsSllWVExoMmtnenYzd2x4NGZxWnpXZmtCSkY5TS1VTFg5WTlLMTQtTnl5STktMEJ3dDBoMGotSFNkR1pPT1FOejBCYUxiOFFvM05vc05vbVRvYS14OS1QX3A0TkNTM3RYcl9LTHBmSWNGR3NwcFktaVBV?oc=5,"Thu, 29 Jan 2026 08:00:00 GMT",scanx.trade,negative,-0.4404
RELIANCE,Reliance share price jumps 3% after Q2 results 2025. Experts see more upside - Mint,https://news.google.com/rss/articles/CBMi3AFBVV95cUxPbzBEUV9lWTdfVDlGYURxdXZlWW42czEwTUwyWlYzclFnUXZxekt6NUxKcDQ3TEt0UzVzY2dUNzVmU2ktRTFJQVpCaUw2OG9UN0wyVkh0OE5uSnZaSENNM2FsdVJRNzFqc1o0TU9aMG1ISjEtcVlYSE42TlgyMGNQR1dBY1VqYUg0cEtDcWJZdC1MUWFuUDMzbWpoWTlPODdMdWMwbXdVclloZVFZcVl6NjRtbWd2bzQ5SEVKbVZXUWtHYUp4SEhQWDJRZFVuMXkyQVdsMER4WU12NzlW0gHiAUFVX3lxTE5lSWdGWjNiOHZuMFZpRENiRTBsc0dYWEp5eGQ2U2VYR2tsS2E3aERLTzk2UHM3VHZ4S1JHTkM3VGtsWldfTDBHbGtFVHM1X3FFMG90TVByVHpUcGgwNmZ6ZWwxelREZkdVMnR1d2lwUm1VU1ZKc3ZYTDVlQ1p5LU16Z3dwa0JaeGRqaUlRbFgxS1ZMQ1lzRUhKMmU3LTBzOWszakRSeVlQT1NaMlF0NVZWV1RlZ2F3YUFZczFia0VmZ3Y3ZWZEUmxBQ1NXQlhrb29DNmdweHNrZ0hUMmZOS0NTcFE?oc=5,"Mon, 20 Oct 2025 07:00:00 GMT",Mint,positive,0.296
RELIANCE,"Reliance Industries' share price surges 7% on Tuesday, February 3: What you need to know - Upstox",https://news.google.com/rss/articles/CBMi2wFBVV95cUxQT2dMWUtiT1IzS09jbW1BcmtJdG9CZEthTEtCQ2JndGdTWW9xM25Ycy14XzlheG16VEUtemN6S1lhRGtxakxEUVBHM19qNHU1bmJwS0t0ajZxRFQ2cGtBRE9lQWtaZm1vamhFemlvNW5IV3VHSHRxT3EtSURNeHBuNTdTOVhWekJvQThPQ2xld1ktYzgyc1VLQ1R5ZDV1V21tVl9VZUd3M0NmcmJsUGk5UUczS1JxT0VuMmZXc0ZiaG1Fc0lsMThCTEZrdjMxcUkyRkRJY2NnY3RGNUU?oc=5,"Tue, 03 Feb 2026 06:46:51 GMT",Upstox,positive,0.296
RELIANCE,Does Reliance Industries (NSE:RELIANCE) Have A Healthy Balance Sheet? - simplywall.st,https://news.google.com/rss/articles/CBMi3gFBVV95cUxPSTRIbE42RHN4eFNEZVdLUXNNMVAtNTBmYUdnNTd3VWhIajU3Ry1HcUZJc2JSdWczTGtzMkdRSHpfay0teGk0YnBRbEpnLUtwd1d5YUh1b25yNG1mY1BTQjkwOVRQZ0g3eEZMb2J3WjB0UVNpTlpQTC1ObDVwOXdkMktSLTVWNFlZUzJ6WUU1UXQzQmtQck04RDZQZUEtSWtGNm1IUGZVOHNYaEtFNHRydDNyTmdlSVNyYzdia09XODB1WmxLU1NNVEZreU9qWFp0SlFOaTByTnZpVFFwSnfSAeMBQVVfeXFMUDFxMjJVMDhMd1habVZ3aVdIU2N0N3BKeGo2ZVhWWUFqaWstdzY3UWdzaHVyQ3JLRE9NTXZndERXVXdmbkkzam1aMm5mTUN0RUZmajdzR3hLUnRONmlqRzdhRmpoQ3N3azQwaG1HREhkQVA4ZUpTZUlpSTVBbGcyOEZnUWtrNVY0aVY0U0kxZGpyR2FQMi1wVzBaVVNmWE8zdVA3dzEtLVVzTXNXLVd2dHFENnA1MTdYblVqaWkzaGNGMHVtTEJySWhQWFFhd1czMm94M3hhcXBWVFVkajVIUElycjQ?oc=5,"Sat, 06 Dec 2025 08:00:00 GMT",simplywall.st,positive,0.4019
RELIANCE,"Reliance Industries share price up 1.5%, hits new 52-week high as JPMorgan turns more bullish on 2026... - Moneycontrol",https://news.google.com/rss/articles/CBMiggJBVV95cUxOdUJ3VVgyaWpjbmdHMzJ4Ym1yRk95ZFlBZXdvUzFPT0lFZHIweFZyNkRidm9lWDM0NTU3NzNtTS1YZTN4WXRCUEwtQktKUktjYUZjYVlDMXg2WVVFV1o2SXpRRHY3Yi1uQ3NYM1YtMm1TNWxZUE1FSXU2c1Q5cVhpMWNwLU02T0pzNzNGNlI4eUhuMVJoYjBpRXdoVHNrWERBamtRWVdoOC1DaFNsUlo5eUQtTkdhQjQ3YXkxa3FBWXdXMFJhd1lfRGlQckJGRENiYldqUWE3dmJoTEV5VWNVanJDVWtYbklaeTF5eU5KX0xuMXl5TnBIdm1Qa25kVmVJWUHSAYcCQVVfeXFMTmh5OWo0d1pfaVhhN0R1emVBbVpIRUtOZTBBX2RyRjZpbUZOYy1sZFNGWU8xdF9pN3lXcHpmVWZTVmVxWUs0QzE0azJ2UlZrZ0tKS2JhLVY0d3VjVXplMkRnRDNIN2ZucWNqREpUTlc1SEo5UzZKT3ZEX1J1V0dUSlUyS2NGUDZaYXI4WWdjR3dkTGF4QlVhSFJ2Zm9JdTBjLTVWcjBCekszUEhpZkFiM2dLUW1nMjNLS0t0U0huNjIyZkQ5R0FSSWtkcXBVOXdsQWhobVg4RWFYbEpmTkE0X2l6RlZQcUlrYWpUbGNvVk5CWi1OYzQ4QXVFLTIyeTY2QzFUbmJ6TFk?oc=5,"Tue, 25 Nov 2025 08:00:00 GMT",Moneycontrol,positive,0.296
TCS,Tata Consultancy Stock Near Record Highs: Smart Buy for US Investors? - AD HOC NEWS,https://news.google.com/rss/articles/CBMivgFBVV95cUxQQU1DdEJWeU9wWDk0UkdVUUJLZHFON3VUWjFlWEFnV2Q2TlQzMFJQT1VMOGdhcGJKOHpMVVllNmlpMHVhMDhpaC1qTzdHMkpPVE9QY3pNa09TNnhBaWdkOWFYRDNiRlQ1TVNLYjByMGw0MWh6WUZBNUEzNFBCZ2ZabF9UTTZCXzZ1d3JEQkdVTHR4cUZ0ZlQyZ0FBZUhBUEdEN2txWFpTSXVJRE5NUnNHZE5BU25fdmQ3YmQtb3B3?oc=5,"Fri, 20 Feb 2026 13:29:48 GMT",AD HOC NEWS,positive,0.4019
TCS,After-hours 18 Feb 2026 TCS.NS Tata Consultancy NSE INR 2694.50: AI outlook - Meyka,https://news.google.com/rss/articles/CBMiowFBVV95cUxORlY3SGFjLVdBZ1lrM1NITm5KVVhlX3ZVN0oyNGxLQlVUR0w3SzhMZEtXUUlZV1FjT2J4WHFDVi0zblNhczMxMzEzY2pkVW1EU2VWRjhSNEdiX3FKMnVMcUNLek8ybWRHYmNOLUhzNzI4eFNwOVY3cEU0S1ZBRzdWS0IzeWl1WThfS1p5OVJZTGJ1aDd4X0F1czNMRDVpMndCTjE4?oc=5,"Wed, 18 Feb 2026 10:47:03 GMT",Meyka,neutral,0.0
TCS,Tata Consultancy Services Limited's (NSE:TCS) Stock Been Rising: Are Strong Financials Guiding The Market? - simplywall.st,https://news.google.com/rss/articles/CBMi3wFBVV95cUxPOTRhb2JTZnNWQ2h2U3l5eHh5aHdSLUV2S0pwMzNqQVIwYlNPWnJ2U28weGxrX3U4RHV0SzNqQTJ2VWxNaTFLR3RJVlZ2QUxNbzlUUjFKR2I3QnFwRjFtQmdVN2psN0pmVFQwWFg1NzNmUmFuSC1YSTJVdG93YzNqWXktQ2gwaE9kTVZRNkk2S0d1NXFxWDdyaG4yYnRkdTFhMENqRkZuRnJ2UW5UTUt3NjhUaGp6WWUtV2dpWlhGUUgyUVpSQTVsMlBLWUxRVE5JSkFQLS1aWnljNEJpcnRB?oc=5,"Fri, 07 Nov 2025 08:00:00 GMT",simplywall.st,positive,0.5106
TCS,TCS Advances AI Push With OpenAI Partnership to Build Infrastructure and Enterprise Solutions - HDFC Sky,https://news.google.com/rss/articles/CBMiugFBVV95cUxNUzhKM0hfOXJPSF9tdE5yTGp0enMyWW1vcndNSnF1TENiTmg3Nk1DaTh1WGJ3ZGpKV2ZXRkVxa1lqdFFzSTk1dG5hR1ZPWi1xNmV3NUNNX2RQR0RyZGhKR0p6bzFhV2cySWFvUkZBVERmVEt6SzNfaTU0UmR5Z0wxN3FsSU1oZjB5NUduUTJKTnc1YkROajBjcjJHUkV5VEMwcDNFbHNYVUZiWVdkT2UzSW00cl9jcDI0Y0E?oc=5,"Thu, 19 Feb 2026 10:27:11 GMT",HDFC Sky,positive,0.1779
TCS,TCS Opens New Office in Romania to Power Up its European Delivery Network - Tata Consultancy Services,https://news.google.com/rss/articles/CBMiuAFBVV95cUxOUWtiY3RBdGNBdUZWZDdkU1Jwb1pLdnhZbUl3MjZtWDRPT3JnTDhFMGYyejJVdzF4NEtfZUxZVHBuU2YzUXd0RlpvckNiWF9idUQ4V3VRLWRqZG5hV0FmdlR4c3JGaDAwVGlfSTlVU1FRZXdNNlNwQS11SGh0TldkSFFVSUgyQkpNdWczZTd4QUxHYjM2eGpONnpVVVFrV2VtSkR3X2I3NVBfRDFSUmx2ZjN4d1J1T0RF?oc=5,"Mon, 15 Dec 2025 12:31:33 GMT",Tata Consultancy Services,neutral,0.0
TCS,TCS Spotlights the Thrill of Motorsports to Inspire Girls to Pursue STEM Careers - CSRwire,https://news.google.com/rss/articles/CBMipAFBVV95cUxOTmp3WXBZRGJ4MVdDbmI2TkJvNWZuSmlmNnZtTktxcVJQeU01NWNrV2N3YjFSMXpsSVhLR0I1RnhiSEcwdExLODRQSE13NnluSmZubXhwWVltUUJ3REJGNVJ6WXhTaWpPakhzdzREcmh3Q083WG9jQzRsZlI0VWJLRnpyRllGdjFyRlY2NHJPZUFtUzVINGtWQWF0UXpGT2tpZ0QxQw?oc=5,"Wed, 18 Feb 2026 08:47:17 GMT",CSRwire,positive,0.7351
TCS,"TCS Records ₹41.15 Crore Block Trade on NSE at ₹3,132.40 Per Share - scanx.trade",https://news.google.com/rss/articles/CBMiwgFBVV95cUxOa0JWaHVjX3BhSWs1bG5MdjZnUlNYdDJFWWRGMFowaEU3MFB5WmktYm1KMWVwT3R2X1M4eWhWOHRPeGxzM29Qc0IxcW4weldYUW9HS2VGM3VuT0FRTTdXQ01BaG5Ld0pXM3BQNS0xMkU2eWJZUl9xazY5WGN5QXV3YW9qbXRtVlpJSF9HVzBaTHpzT1lLaEN2Y2RTOXdRUFdJajR3M0lFc0xyWmYzbHpPRk9fYURaM0Mwb21jY1JRT2hFUQ?oc=5,"Mon, 19 Jan 2026 08:00:00 GMT",scanx.trade,negative,-0.1779
TCS,Investors in Tata Consultancy Services (NSE:TCS) have unfortunately lost 21% over the last year - simplywall.st,https://news.google.com/rss/articles/CBMi4wFBVV95cUxOQnZ3ektuRWU4WnpZQkI3VFZ6VXVjckZQYm9ZQzZ0cXFpYk8zQ0VTNlo0eXNiV1pZUjhaLUNYSjAzUWtqbUtsbHJZSXkzYW4yRDNWLURiSGdpa0N3NzA1b0M5WFV4MWM0T180c1BIRm5LcWtuV0dVeVdGWndHcm9DQkswcWxTVTQ3TkdfRGdIOWdzLS1RaVBIbkxjNnJwQTFvTFpyZ1BmRm1rd1VsczJKYnl4LVJxT3lqbV9BQzBybzJseFp6X2g5MUVYVkNFdk1sWnlWX2ctSzUxQVFreFNXanFCdw?oc=5,"Mon, 26 Jan 2026 08:00:00 GMT",simplywall.st,negative,-0.5719
TCS,TCS.NS Tata Consultancy Services NSE After Hours 09 Feb 2026: AI outlook - Meyka,https://news.google.com/rss/articles/CBMioAFBVV95cUxQdTFGZ1l4S2RLWGpMLUl5Xy11RW1OSnJYclZna2lxTUlDSXR1VHZ0MFBIYlhXRFI2RldkOF8yWFV4WVZES0Q2YXFWYVhoSFIyeUVlZjZJS3c1dVBGb0RjOXpPMmE5Mk93M2pmS3pLM0lWZm41UU5iQ0ZHWFgtSTVwTkRMeVpKcVo5T3VVRzBaNzVwb2VXRXNlSm5lUC1CcFNw?oc=5,"Mon, 09 Feb 2026 12:00:00 GMT",Meyka,neutral,0.0
TCS,"TCS Share Price Slides , Hits 52‑Week Low as IT Stocks Face Heavy Selloff - HDFC Sky",https://news.google.com/rss/articles/CBMiiAFBVV95cUxQMUYzZFRrR2RIckxCX01zUGptSkxKMm1XTmVoZHdXYl9Ka3F0SVk5LVJTMi1NMGx2WTdITjU5ckhkOFJGYkVLc0NNQXlTbmxtWlZuOFU0R2xyeEt5UVRNcDg3MGNRUXZ0aTl5QTAzaTcyM2lReUpOZDk5UDhGMDRLdGV6R1haT0FW?oc=5,"Thu, 12 Feb 2026 12:01:40 GMT",HDFC Sky,neutral,0.0258
INFY,INFY Stock Price and Chart — NSE:INFY - TradingView,https://news.google.com/rss/articles/CBMiWEFVX3lxTFBTNGNjNDFJWU1YenVETEJSRVVHaWdONnpZX3FBakhzQ2xsWEk2Qy00WTVHaGoyemFseGhlay1LSTZUTEpxZmVKajFjNDltRFZXbGRvbUtHZG8?oc=5,"Thu, 05 Feb 2026 08:00:00 GMT",TradingView,neutral,0.0
INFY,"From Infosys to ITC, Stocks in Focus on D-Street | Stock Market | BSE | NSE - Zee Business",https://news.google.com/rss/articles/CBMiwgFBVV95cUxQX0p5cmZMR25rM1cyTjFlVE5ZYm9RRnlrXzBJX185NG1IMDRYNFlpV2pNeEd2amd1SHFUcUtxUDg0LW0xc1BaZjgzVm1KNjNWaDJRR29lV3lrYl9fSnp2MVlWYzNFaXJwX29HZ2NwazJwMFFBbVFQNzh4NVhORXN1SzdvN1pDV1ZNWmNHUG1RNzNuMU91Sm9mLWVQS3VxdHJkeHJ0ZXIzM3VVWTB6NjNUMVZ2RWpRak1BMXBPSWQ0VGNrQQ?oc=5,"Fri, 20 Feb 2026 10:24:01 GMT",Zee Business,neutral,0.0
INFY,Infosys Share Price Gain 2.79% After Anthropic Collaboration Announcement - HDFC Sky,https://news.google.com/rss/articles/CBMilwFBVV95cUxNRW8xX2tvNnd1LTZicXpmVDYxN2hUemxTTmQtR0FvLTllcVlNVEd3QTRMMmh0OUczdXlMcEdwczlmWjk1dUtjejA5NHJVTjgzWG0zeGYzN3JLNThlb3hOX2ViUU9URUo2d3ozMDRLVjEtd0R0NGxVYjJhb3ZjYjFXRXFIMV81bmN3eFNkNGg3eWhVeVE3UVZN?oc=5,"Tue, 17 Feb 2026 07:25:08 GMT",HDFC Sky,positive,0.6808
INFY,"Infosys, TCS, Coforge other IT stocks rise up to 2% after Wall Street tech rally - Moneycontrol",https://news.google.com/rss/articles/CBMi6AFBVV95cUxOOWJ5R3J6WXhsZVlPY2VRb1ZmSHNzN1FvbkQyMFdBN3plRllOOVRyTUtrSXZWN0ZnY0JKZU1zQUNIdmUtc0lhdUNNb01hV0RiUVk1U18zbW1KeldLVUJmVzhnOGJCWGJXVWRSU0ctVFBwczQ4dEMzeFNRMHRkYjZYZGVhaWE2eF8tU3ZObkR5aHgydHltakNldFZTRXU2d29IVk9sMnZTRnAwb1dtSlpwZEszc1hxdXZ2RlltRkI1SC1XcVFQRHBiRGxJMzBZYXBPajZkNmtGeXBKTnNldDhoM2t3eDU0TkhD0gHuAUFVX3lxTE51NE9IUnZpWDYwUDhSeUQ5LXBIREtOQWg5amxWZmdXa2Z4cUx3NVZwTlU1TjVrbjgwbUYyWlktVHFhYjhFYl9rakpkUVRmekZwNHd3TTNPcXM5SmRrYVhvWUFUekxPQ2Y2SE83bHFVZlVDbjZUNDhZY0FHbHpiZFJsaVNJUzZuSVZ5ZzRoWW12RXJaT2dyVXhaQWlDTlVxTFdUNGR5OThQLS1Ec192b2Z3Umg1eERDLVBZWFZ2UjByQ3ZvTHk2M2tvLWdUWVJldFJ1OFdtWWpmREtUMlJUaVBLemdnQmlSNzlNcVFQN1E?oc=5,"Thu, 19 Feb 2026 04:58:23 GMT",Moneycontrol,neutral,0.0
INFY,"Stock Market News Today Highlights: Nifty, Sensex Extend Gains For Second Day; Infosys Halts Nine-Day Losing Streak On Anthropic Deal - NDTV Profit",https://news.google.com/rss/articles/CBMinAJBVV95cUxPQTVFdU9GbjVNM3ZCMDd3NDFvbG00RTdDcnlId1RQZ1QxNWZPUWZieVAxeUNkZ3pfM19URmFETGQ5a0N5c2xjVFdDa1JGamdHeWZjT3hVdmQ4WXU2ZDdqalVZdURLWFFfczJtOWlHbmpKdDJZUUh4ODAtN3B3dlR5WUVLTnBBc0lVOFZfUXIzUDBhamV3RHdUbTRqdlJKYlJiaW1jOVN0UENFczVPM2JNUFYwQmh0dW1JZ192Y1A4djJ0T2RnaUJhanVOZHhrOHgzdnkwSU1RSjN1WDVJNEJ5MzNORjNRYm9IWnhDZ0tkSzQtT01NMFRFaXNFUWZDcmJlT3RMdUpXMTEyZHdrbnFnSVNMV3pZcHMtMWZIbg?oc=5,"Tue, 17 Feb 2026 10:19:42 GMT",NDTV Profit,positive,0.7269
INFY,"Infosys, TCS, Wipro, HCLTech & More IT Stocks Tumble as Nifty IT Falls 1.6% on US Tech Weakness, AI Disruption - Goodreturns",https://news.google.com/rss/articles/CBMi3AFBVV95cUxPcmxaOE4wS1psWVVCb3ZXUjlIdlBqMVJuR0tLc1BjN2xEM2k4dHBITWVnTUhZbzVQRGFSdVZRRkpzWnVlV0hqdDRpWWVmYzFDVE1QVlJBVDRBR1NLRjFmbEtBSVdxVHNrV1N1RjhZVFFIT2pWSVhrb2tYUmNaa0RfWUJIXy10SjhOZEZOMlNOQ2dLclU5UXJNOG1IM1kwUlBfUTVIbzZtT0RjRDVDT09laVBKWXdhQ2g2X0YycGEyOTNZcmJSM0YxaW5CUlVLRVI4VXhFelBTWkx5bFJM?oc=5,"Wed, 18 Feb 2026 08:25:23 GMT",Goodreturns,negative,-0.3818
INFY,Infosys Limited (NSE:INFY) Stock's Been Sliding But Fundamentals Look Decent: Will The Market Correct The Share Price In The Future? - simplywall.st,https://news.google.com/rss/articles/CBMizAFBVV95cUxPVGQ5R3Bpcy1CeXFfX3E0aW5tWXd0R3ZTbHAzQVdXUkI4Vl9rMkZ1TFQzNHdlME1MN084YmUzUkNMS2JrbnJObTM2dVlHdFFCVFRrUklaYm5hN1BYNWFRXzloUmdwM2tZN1NkNTgzRjcxb09BTmxJdFQ3elI4UFJTWVl0dW5GSXE3RXk2aXVmZTVETkYyNjdkWFJHNENhV3NSOVkxQUstZUxjY0EtdDJ5MndYWS11S3lqUlF0ZGJVLWVVRXhzRHc0dnRNang?oc=5,"Sun, 08 Feb 2026 08:00:00 GMT",simplywall.st,positive,0.3291
INFY,"Sensex, Nifty open flat as IT stocks tumble in early trade; Infosys down 2% - India Today",https://news.google.com/rss/articles/CBMi2wFBVV95cUxQeTc1Y1R5NC1JcWp0Zk5WNkMxTTRXS2NtVHlLSmhlY3pyUExTZXhidUI3QTFPdEg2ZDJwa1Bfay1oWE1hUloyTkhCcmtkNWZEeEZ3SXQxT2gzYmFUT0lOdG0zd0R3OFVuSmhMeTZwcDd2c21KaEtGZkdxaXVETnYwMm14NmVkcFpmdGZhV2MtQzRWeGVvNGlBVUtfMVZsMURSQ2JCNDM4MDZpMW1TN3h5SGJZLU9NdVJ6TXE4ZlI0RjRWbk9EbVRDd3VBRi1zS2pjT0UtQmlMT3IzNVXSAeABQVVfeXFMTWVvaDBta3JDZmVKdE1nSUk1aS1PbTlNeS03LUJtb0RXQXVhcnduR1YwZ1pUSUxieG13OG9fZTlxc0lIYVdjZVhTTno5MkkwYUZSSDVadUxEckdBazIyS2h3MFpmNVExeEtReEpFUURCbHdTVERqejdqSGNmRjVxRHRrZU9VZ3JOTkwyUDZvTTZrR2ltVjFHOHRBeUdSZ1hYbHJjNGx1TTlxekxZUWlyMmdRVWxRZ05hdUxDWk81bmZCWmYzZl8zd0xxS21paVZSd0RON0h6Q09pa2hUTUtJcGk?oc=5,"Wed, 18 Feb 2026 04:16:02 GMT",India Today,positive,0.4019
INFY,INFY.NS Infosys Limited NSE INR 1346.90 intraday 16 Feb 2026: AI outlook - Meyka,https://news.google.com/rss/articles/CBMinwFBVV95cUxNR0twRmtRRjVLY0lZaFNWRUJEZHBmR0hBOGUwYjJtYUo5RTFfY3pEMHBFZno4MHpIMU0zUnctQWpqTWNYTVMwcndCekZQV3R6aDVpTEFLa2M4RGxlWk1IS2xJaXVhVEtBZGFGUVJpamd3b1JtRjF3ekN0Rk1pdWF1WEhrSGlNYjNWYXVvejNBQy05QWRTN1dpb0ZBMEFhU3c?oc=5,"Mon, 16 Feb 2026 07:33:13 GMT",Meyka,negative,-0.2263
INFY,"Stock Markets Erase Early Losses On Buying In Infosys, ITC - ETV Bharat",https://news.google.com/rss/articles/CBMixwFBVV95cUxPWGVGZFIzSnRyVDBpY1VvTS00NUFwV0JNOGdXNHk2akludjRTZUV1TEpHVFlwemhUMmNvNU56WlhqdUQ3b19qVVlBZFZ5NXpSTTJWalV5VldWaUVibEUzS3N2VFBfaHhmZEQtRWhNNTdDTktCZHo0cWpFUmV5Q19DWWZWdDJnbmVuNm5pdURITEZYSWpLVFA1ZnVYdFJ6UkpidnpUVGQ4dFppX2d1emF3NGFpYlpNbjR3TWVMQldwNWJUZDR0MjRV0gHMAUFVX3lxTE53OWprbndOT2kyNzh3MDZMb2xVQ2VhQlZ4ZFBnMTlWWVBmZzhoX0h0SUNuMmJxVEE3dXNXLW9LN1lJSTBrY0FRTjd4Szg1NDQ0NnVmbTVtRmhjcFExalQ0U0JMQ0s4R1ZLYUJFUDBjN24ydTFwTmtDYUJjVmhtcUZEZFk0Sl9tbFZ5SkdvdUZoQ3RQN2hnQ05OQ3lGWS1qcFhwYWtPUTZtYjRuMW9rRjVlWUt2WS15eEJseFNjVllKTG5vMXlMdUhOZ1FaTw?oc=5,"Tue, 17 Feb 2026 05:10:57 GMT",ETV Bharat,negative,-0.4019
HDFCBANK,"Sensex tumbles 1,236 points on selling in RIL, HDFC Bank amid escalating geopolitical tensions - The Hindu",https://news.google.com/rss/articles/CBMi8AFBVV95cUxQRkIzN0ZEaTFlcmtYNjB3Y2FweTRWZWMzMFlHSGdmYWxoMmlYSmNobGd6SHFoZ0N1U2QyN2EtaUVKUGEyeFRKYUliTVU1Z3pQRGVaZEhWdG5IcU00d2tSY19fSFpWeDhGRWZnSUhTT0RJcjlmMmswcDgyamRxN2lqTUNZc3pBcDcwY3BkejhLdmI1NzRrcWIzekt0YWw4WTR1X05nSEEwa0IycXhZaHBGVld1VE9kWXcxYVJMVWpLeHU1Um1xcDZyOU9iQ1oyMUJmRFNwcnFjR0lWMXlTOFNhQjNxMmM4ODZ2dFpsUEgwZlTSAfABQVVfeXFMUEZCMzdGRGkxZXJrWDYwd2NhcHk0VmVjMzBZR0hnZmFsaDJpWEpjaGxnekhxaGdDdVNkMjdhLWlFSlBhMnhUSmFJYk1VNWd6UERlWmRIVnRuSHFNNHdrUmNfX0haVng4RkVmZ0lIU09ESXI5ZjJrMHA4MmpkcTdpak1DWXN6QXA3MGNwZHo4S3ZiNTc0a3FiM3pLdGFsOFk0dV9OZ0hBMGtCMnF4WWhwRlZXdVRPZFl3MWFSTFVqS3h1NVJtcXA2cjlPYkNaMjFCZkRTcHJxY0dJVjF5UzhTYUIzcTJjODg2dnRabFBIMGZU?oc=5,"Thu, 19 Feb 2026 11:08:00 GMT",The Hindu,negative,-0.4019
HDFCBANK,India cenbank gives ICICI AMC approval to raise stake in HDFC Bank to 9.95% - Reuters,https://news.google.com/rss/articles/CBMisgFBVV95cUxOQ3UwWE1vb2dYcUdmNmlBSm8tdFk0Y0tfNlRhZDZzYnVGcUpWN2RhYjVQTDlRUHVkcG5WR0w0YkpGWmY0SE81cEVIeGlFZEZzdDZFd09lanFpTWozak5XR2VxenQ4b0luaExrOUl4U09zMHp0ajMtQ19tWkZwRGFFZ3VSVFVzTnRwLWJ2WGR0UjNuLWI1WXVOVzBqQmdEYTNzQkYyU2FrcVJwR1ZzZFdmdzZ3?oc=5,"Wed, 11 Feb 2026 08:00:00 GMT",Reuters,positive,0.4767
HDFCBANK,HDFCBANK Outlook for the Week - Equitypandit,https://news.google.com/rss/articles/CBMia0FVX3lxTE5aN1hUNVlDOTVoMVpJZ2lrQ2ZhdmhQTnUzakVpNWRCQ0Z1eXVFZnNJYy1zSlBqNFJEMlpJbFhMV01tYWFocXY0UUtaUU5ocm9jNTV4RllWbGp5MlZhaTYyeXB1RDFSU2t6NW93?oc=5,"Fri, 13 Feb 2026 08:00:00 GMT",Equitypandit,neutral,0.0
HDFCBANK,HDFC Bank Sees Rs. 66.97 Crore Block Trade on NSE at Rs. 956.25 Per Share - scanx.trade,https://news.google.com/rss/articles/CBMiywFBVV95cUxOTURYNnpZVTJxb0JqR2RyejN0M3kxMUt2amlKTzdwa2Rjc1p1OTJKM3N1cDZna0NZQmNxNmotV1RROENzR2lScUdyM2wxU0hRaURUUWw2UDg1X2NkOEppc0JuUGJFVTZaUDE3NFJ0UUQ2cW5xU2pFcG1qNml6WnI0MVUwOTgwLVdiZXZxOUNVYWZIdHB4WTl4N2pxWXlSUHF3bmw2N01zMVhVbDVBbWMwbWxtSmRvRVdLcjB2ZkNqb3FUU1lsNGk0SGlmdw?oc=5,"Mon, 02 Feb 2026 08:00:00 GMT",scanx.trade,negative,-0.1779
HDFCBANK,HDFC Bank Doubles Capital with 767.7 Cr Bonus Shares - HDFC Sky,https://news.google.com/rss/articles/CBMikgFBVV95cUxQS3NNTEdTQmduc2RYUmNFdXQtaDBsYlg4aUJOd0FvSTI0czJaaEg4bkFNcDF4YjNyTkpnRXdGdkV5dnBQOTFCVEh5RWF5ZmFwVlpZTUlKbUlSLWVXMktIdXlURFJVODV6cEVWTmhuMnBBZjV2bUQycl9BMWxIc0sxOFVzRDU2ZU5MZ0hHY20xRG5vZw?oc=5,"Thu, 28 Aug 2025 07:00:00 GMT",HDFC Sky,positive,0.6908
HDFCBANK,HDFC Bank Ltd. Sees High-Value Trading Amid Institutional Caution and Narrow Price Range - Markets Mojo,https://news.google.com/rss/articles/CBMi3gFBVV95cUxNVDJGQ19ZMGZCUjJIMjZhb3RvVVdMSlJreUdTeGpNNDhFWXJteHhKaXRwMXNRaDJ1RzVKdC03cG1GbDFYQ3BPMzMtWmptWXg2S0h3cklHY2VEMy01VEpuOGY1ckF6R2hJaEc5WnYxYmFSN1lhOFBEejdxLUZBMXRRUWpVQTA3R3BxZjRSTlpuX2xjU29jU0ZLeXo4SEtXazhnNmhRRTNCTDJwRHV3NEpWd0lJX01MS29oUVA4TnNZYm9ib3JCN0RUa3ZoZDZFMGdoYkpuNWJXN09GcEJOX2c?oc=5,"Fri, 30 Jan 2026 04:43:54 GMT",Markets Mojo,neutral,0.0
HDFCBANK,HDFC Bank shares might be showing 51% fall; here's what investors should do - Business Today,https://news.google.com/rss/articles/CBMi1wFBVV95cUxPdm1DX3VYQTFfdjE3S0x1eXVHbnVKNkhHX1BBSjNsaHpMWU5LWG12UHVNZ0NaRlBUMTB2dGRJQlBZRlNJQVVIZ0FBV2lhc052WHdLc1UxczNST1RjQ1dkNng4c09zLTlDczNJTmE0UnlKajhsVndpUkJPQVdOSFhzZDlrOUVwc3AwNUhuaUdOUU1MMEhPZ05xVU9PTUpRTTVyR25qOTQ1UE1mSEdib2NqMkZlZW5GRzVhU3k0R0JFbElEN2JrMlhzSVVoOEdOUFAwQ0ttNEYwSdIB3AFBVV95cUxPVGJocU9qdjFEbGhnNGUtTjd3ZzlFR19GcmlmNmw5TTZMdjVUd0pRdnFxM0l0aHQ2Y1VmUk9UU2VlaEE5Qmk1QXdHc2ZVR3dZbDA2SGktTURPR0xRcjBtaEZnUmlRSjlmaUpIUm1lRkttX0RaM0dMdnAwbjdpSHRBT3QwcHdidXRuR3I1emxxdGlUNTFMUTUwRTkyWFJJMU9VdUFFUkhJWUUwRnR4YmpSR0k2V3lOWVdwd21tRWZIb2pHUzdwYndxa0JaVjFSYW1ndHlHTDJ4RGZ2UFVk?oc=5,"Tue, 26 Aug 2025 07:00:00 GMT",Business Today,positive,0.296
HDFCBANK,"HDFC Bank to Consider First-ever Bonus Share Issue in Upcoming Board Meeting on July 19, 2025 - Groww",https://news.google.com/rss/articles/CBMifEFVX3lxTFBJd3p3d0dZYnlRN29mdVBMRjlTRHhlYlB2U0w2LVFoRWYtaXMyTGZrUXNCRWloR1I2aFNXOHZON3ZzNEx3SWQtUUl5SzExVVctTU9vS3BaUnE1NlM4Z1lkd1E1ckxQMGF0ZUkwWUVURkFCdThJYU9aVDQwSVI?oc=5,"Wed, 16 Jul 2025 07:00:00 GMT",Groww,positive,0.6908
HDFCBANK,HDFC Bank share price: Did the stock really fall 62% today? Here's what happened - The Times of India,https://news.google.com/rss/articles/CBMi9AFBVV95cUxORHBHMy01VXY0cUdMdzExS2Y3bUU4ZlQ4ZkU4SDZXWjd0emRqNEhOVHM0WXdRakV2OHV6RlVva3d2UnpOWmV3WWFvZ3pWcTdwZ2lQMGhBbGlMZW1MLUJLMFdxNEZvSHkzRnoxYTdWLXljZS15amNuanBsenhBVjZvQVpueTllZnZoTGVQV2RoUnFyTWNLMjdSM05pQW04UDRla2I2NmpGVkc5V2hqdUtLZk0xV0hGT0tQcWFsanFnYWI0aUJMQ1RYbENGTFFtTzJnRmNhWGRGVjViRHpQcl9nY2Z3QmRfWVNJWUpldjZLTXhoX0Rp0gH6AUFVX3lxTE5XWGE3SWVUUDl4akY2N1pSSjF3TnBLYXRXVUd3T3BmLWJZcFJjbzIybFNSMGJQdm1SQ3pqTmdqLUlvTzdJd3l6MFpNRzBRd1luT3Q2aVFGOG9veTl3djUtVFpaaWZZS2hNMURpVW1sZnJadWFEeGVYNGNjbXhhZjJrV25Pa2RzMFNRNmpZdTB6SExLU2ZXTFEwQlM5c2oydl9OMnJDMlFHTnRUM0EtbWNhMTVPYjZscjRXWk5LLTQxSk9MTVd1Y09CQUJVbkZPX2ZiTmFEOVlYdERsRTJGVDliQzljNjhwa0dNbEFSMkZtc20wV042enpkcmc?oc=5,"Tue, 26 Aug 2025 07:00:00 GMT",The Times of India,positive,0.296
HDFCBANK,HDFC Bank share crash explained: Did it actually fall over 50%? - India Today,https://news.google.com/rss/articles/CBMi1wFBVV95cUxNZ3NEYjJzeEppWDJ1RUw1U2NsTk1IQWgxeWVodHVBdjFwXzhGWnNLbmZiTlNDSDV5a0N1bEZzSE9uZUdLVTRySTNJSWxnTE1lV3JMOFJaZmpibjE1d29SUzUyRTRwTXFhWWVzdHBjRFA5QUZTY0ZhSTIycWVMS1VoUzY1dEgyelp2WjZNM2pWRF90cFhmZ0taMUdQaDdEWDBaNEVhdE0zYWdrYzQ2UC1iUHN4QVpMeWFiVzE3ZGo1SUVoc3gxemQ1VFd1c1FzeDZieEI4TmhFa9IB3AFBVV95cUxNNWtfSGxPaE9IcWQtWkZKLVdUbklLcmw4NHhzYzRpc2NwWjRITlVKNUJ5WkFZaTVzRjhobGlEcVNSRXloWjByYnNYUU9OY0YyZVRUREljYzdKMG5GZE91M3FfTnFwOTcxU0lNMnYyM25GT1FHZzlRNXZvaVBmZWNQaDFPODRkbXhrZ2UtRjNNWEJJeWZJd1BCZXBBWUNMMi1jNmlvcEltMkJpV3VCeVZBS3ZQb05RZ0JRemFpclJadHN1dk1vbnl5aXVSZXdMcGlBR09FYmNvdlpuVC1D?oc=5,"Tue, 26 Aug 2025 07:00:00 GMT",India Today,negative,-0.128
