symbol,scheme_mentions,avg_scheme_sentiment,policy_benefit_score,matched_categories,top_links,benefit_bucket
ACMESOLAR,5,0.30402,12.492799999999999,"capex_infra, energy_transition",https://news.google.com/articles/CBMi4gFBVV95cUxNWEl0bjhiY3RMRzlJRnVYQlUwdDRjVDNUZ3JiMllrem13QWVmWEM3ak0wWUJ3SE9ublBUNTFiZlFONW0yUThONHI3eGxnZnBrYW42Y19RT1dPc3o3VzNWSTltS3RpcTY1d2c2dHFMaWVPMlhQQW15R0NwUTk0OGVmNnJPUzZKYVA0aWlRUEJkXzFac3pVZFctZzk4QWhLU2pSVHZDX1hweGVrWHVnQjZTbE02X2h4N2w0cHBIRUFCOUhpa3U0ajlrZFk1b2dQVjdweUt2ZC1uSHhMdGFVLUNQLXdn?oc=5 | https://news.google.com/articles/CBMi1wFBVV95cUxPQUg5bEFoTmI5YU5GVTZENFJXLU05YU13NEJSLUpzTUlhSEdXdW13c2lqZ1VjUEhpb0hZcmZNclhYMERia1ZBdWFVaVVhOWRkNVZxZGVacDlIbU5hSC1qekRsQ3Q2YTZmaHc1QkZLRHBiSzFqRG1PaVlmTHV6NEhIa090cmg1TUVtWHR6aldKX0hsZThiRE1BNHVLNUdPNmpwNnJpeVhHNzJ3RXBhSzZ1ZXdzU0VTY0VuZWNMeHVOM2tQZ2h4ZTd6QW1ENTVrY0VudHFxMUNWRQ?oc=5 | https://news.google.com/articles/CBMimwFBVV95cUxOVzMxcy0wZWtzMVNwc0NweEdIRG9nUjh0RW9NYTR4NVhJZWNuYW1Da1hyTWFWbjdtRTV0MUtjWHhxaWVldHA0TmtObXBXRDB2YzdPTmlRdGdvOUFHN2hZUWpYako3M09DWHhzWTdxa1lPbXl3aVpPcHpDX0hxVkRvNVB1ek5INVpxOXVEVzE0OHJtS2FQUndoS2dxMA?oc=5,High Policy Benefit
APOLLO,4,0.40847500000000003,11.3598,"capex_infra, defence, energy_transition",https://news.google.com/articles/CBMizAFBVV95cUxPQXBQX19rRnprVHZQSXVyZzNkS0hNbjUxZlB2QVJJUndFdHR1OGhTQzlvUXhRWmdqZUd4QzZlMmxra3RmczI0MG84MWpXM0NTdkJENjJia1dlVzE0WXRhemJONVo1QnZ0a1ZSdXpBd1MzTUFGUUF1QnpvSXQyV2Q4eDhqVWI2aHFrVUh2eW0yaFJwTG1KQzFiTzA5UGU4VHp2SmI5YmxoakxTX2pwcms1cHBwRmgxa01xRTF0Z3NDbmJ2RmxIamVyTlJXUFk?oc=5 | https://news.google.com/articles/CBMi1gFBVV95cUxPSl9YdzAxd1A0MWVqRkhoakRiM0Z0UXR0X0M3YTRPRUszOVVLYTJCUG1TNVBLamFvSEZuN2hBUEFqVk5XZ0FZVVJ3MnZLME1ISXY2NDJndVpqTGpwUV9uOFBkWjhIS2d1NEFKQUZtejhnMU1XMmRYenBSREhUYmc5VVg4TDF0bFBtZVV0OTFQeE9oMDQzWHRIVGNOaUR5VjFnNUZFUnFodWRMN2tnR1FCT2Q1SDBVRFJrUDJad2UyNE8xcnE2Qm5RWmhmR29KZnhqeUt4T3ln?oc=5 | https://news.google.com/articles/CBMi7gFBVV95cUxPU0ZrMTk2bld6S0FZYmcyS0UxelBwQXhpSTROeldUekJWa21vcURldmJJR3JrU25TcC0tbEVZTzJ2YXNVMjM2Wk0zclFraGE1bjl1THNkTHpJUEZIU3ZBMmVRZVRIMVlTXzJUR1prWWdmb0pGZk9SbkZHeDlYY3dZRlJQZTJhQ1l3U1k3bTYwWDU3Vm5jRXZYcEZGaHRxWWh5THhzRHh2Mk5jU3pEZDlSejFfSTVBU0RRMHlLcDJjLThEaWt3Vk0yOU5KLVNqUzladTZYZ1FsZ3M4NWZCRTc4MjhaWGtHNWI1QXRnbUJR?oc=5,Potential Beneficiary
ASTERDM,5,0.03180000000000001,10.1988,"energy_transition, healthcare_pharma",https://news.google.com/articles/CBMi4AFBVV95cUxNYkp6c0s2ZXlLZ0xfQ1AtSVVJVEZqeDIzQlN1MUFseG9uS0RSbGwyYk5JZU1mNWI5dVlrY2JTV2JOWUVEMUdtTkNGLXg2YjQyQ3Ztajd5dmJTS3Q4QkJVZXpiUEhRakhTbWZqV1pndk5MQWgzczA1N2FnY0FVTVhqVThESFJFRU56c0dRV2d4VVZvNS1sOHpPTVZMMHgwLUI5QnBnbHRTd1I3NEF6OS1lblBJNUR5YUdfZmVZb1E4VXZmN3M5VTdkTW9ITjY0bk5LU1hfWFdMWGc0Qmc3cUswMg?oc=5 | https://news.google.com/articles/CBMi4AFBVV95cUxNRm5tUmxoR0VMaXU1S1RUN0lyV3lRaTlub2JfR2psbVdHMm1hS1lCdmhYN2QzTU95czJQcEhtYVE3M1JJendfY0J1U0JxUlpRTFNQeWJHbDdvN2R5U1A3a2FpYzFaY05qR2JYeDY3UlROYzdZeVZmcWY4aERpWmprOUthdXhuZHoteFc0dThEQjdCZnlOcnBhWm1ob2V2NExxM2ZVaXc0aHRpTEl2TExXdW5wRnVOdURDVFhmcUtEeFhFUHVlbldyNG5mYnFMWE81czVrbUJWQU9RWGhuQUlPdw?oc=5 | https://news.google.com/articles/CBMi7gFBVV95cUxOTk15TmZGdmhIR0tFU2Vya0ZkVk9xQmpVTnVOZWRoV3M5RTNNX0JEaTJaZ2s5SWhuZ1VUd2ZzV1I4cDhUUXpLQ0dKck1BSGVpYzlsMC15REtCQlBVNUVPeE5qZTVOb2tPc0l4akt6N1VpQ1ZWRGluLXptZ2NIdWQxR2lTYlFXOVZySkNqOTNZWGVrWEtVOHZOSTlFWUUya3ZRUXRHODFGczF6cHpVM2d0RWZ2WHdJOWJLWERyaXZ4a3EwLU9nazNGOGlxR25mc1ktejRYQXdKTzdZT2ZITTQ4T2lWdGxEcjVjTDZZS0V3?oc=5,High Policy Benefit
ACE,4,0.146025,10.168199999999999,"agri_rural, capex_infra, manufacturing_pli",https://news.google.com/articles/CBMi7AFBVV95cUxQN3Z0ZlRSNW5JaTJpaTBlM1V3SlUxZWxqdWtST1pTd2RuZ29maFlSTm9RNkROUzNiSm1oNXVXQS1yaC1WcEl3UmpvRnhhdlBOM09mN2ZlalZxVDhrb0t3Wi1LbXpzOXF2SFBJVmFhU2RXbEx6THF0eFA5QjdkLWl4dTBqeVhSeDVVRmExNDNJR2IyODhtNFBOR2JBSHNIWTIySXZISmY0M2VubFVNREhVZnFobHBhZVZ3eE5jR291S1dCcGVmaXVxS0RZZktLRUp1Y2lpbDJ2SEJiQkYxN2kwQXBic3p3T1pLTXFCVw?oc=5 | https://news.google.com/articles/CBMizAFBVV95cUxPbVpBOUh5SzBXdEpyTjVPcjNjUVlybFlfSDFTR05wZS1YMm1Na3ZvcmhBeTBQS0NJSW1nYVVyRFVkSmsxZzNoUzlzMnh2Q1AtS1YwUl9kY182ejNydEZIdlQ2TGhIaTEyOHdCYzBHQ0VFbzYtOHlITzk4aTY4Z0NneXZBV3JPX3pwaWhKUnU3LUdwNGxRS0R0TXM5RlgyNkI3a19ZVWhVTi1VN2Q1UW9DQjFCaHNsWENMZmxmYWplNWZCelVNVmdKYndCbHQ?oc=5 | https://news.google.com/articles/CBMihAJBVV95cUxNRWJxMk1heHlmS3h4TVZ2RVhXZTBibTBseTRDR0h3QmZ6RjFQcnMtYkZtR3MzSVYtZTBOSmZoQ0t1elAzM0NXS0VFdFdkMWpQdTJTYXBpZjhXYnRpOS02ZGhfRTN1elNrM1V0bTlLanRSNDRkRUNtMjJzT25OclN5XzVDb2VGYUVIX1BTaTdlWkFOYV9ocWZBWWZaZUFPTmZLTjE0NjVQNS1nXy1Sem9TYVZEQVdVdk1rYl92TVR0QU1iQWhPdlM1d3dlMUJ1c2tYczFOMDVYSHU2cVQ1MlN4U09taHR5R1lWUDItODZGZVlpWXpaa3RaM2FoTGp5QzNXVlE4ZA?oc=5,Potential Beneficiary
AFCONS,5,0.10239999999999998,9.4774,capex_infra,https://news.google.com/articles/CBMi5gFBVV95cUxPV2Qwa2ZNbUdBbmJSYmktc1cxOUZRVXFsbWhwNnZoVlgyY1dlb2hkVTR3cFlEdTFnaFVoU1ltblF2SHFNd0ZJa2pDb1R4bkc0ZGhNRjBkQVcwY3MwOUdyclc0YmxRQWhJUGVHSWd2UzVuanViajRXLXJpY1BmbnJZSzRYb3pnRi1LbzlyTlNiNlFmZ0J6bE1MTmVYallJdWFDdkdwbzJncnJkeWp1S2FYUG5vZUdwNU1aVkJXaGdJSmlaYjNKcmtnMHA0NS1PaFFXdlIzOHhER1VtZzMzNkliLThpeU1jUQ?oc=5 | https://news.google.com/articles/CBMi9AFBVV95cUxNV2pBRjJCcTljbWlJVHZiSEUwR1JqSUw5TW9WUjBlT3pCazVQZWl2QjV4OV81dXpFMngzYThnRWlXOFVhRS1Ga1luQ1RjQnpOejR4MXdLbkpnZ1VrOWNKZFJUXzZzTGRMTG84Z2pIYmRnUGdHUjJWMDN2UEVMOThERGUzaVR0ZGdzVk1kSkVocndfT1VYUHdjSG9GVEV4aXEyZGo0by1IR05jeUxCTmxaY2REUHl4MU5QUjBieXdhVC1Lclc1SzdaSkFWUzlEbFdsYmN4LXlqZkFFZVJ4OEU0MDFuTE5naEtjY0FPcDFlZUwtQ2Z6?oc=5 | https://news.google.com/articles/CBMi5wFBVV95cUxNRE9aWVk5LU5SWVE3clFMSWZxb3hoY3hXZ2ZObWZ1bVo5ZFVpdVFGMVZfeDgwWE1BVm1OWk9sdTVyMHdRZlpSd1pvcFlfaXhxbzNrOThaZndTNEZKVjgtMW5MUmpDbjBNOV9UVE9qa05INVp5ZjlQSGpTaDIxNk5pcUU2aTdoUHBIWkNTVHJ6RVFQeGh1ZzAzblhKekRSc2luM05BVTBhYVdOaDNpcFZTdk5JaUtzdTVmRnVUY3BnSXNQVnR5NlZXdU52c1FRb1BrdFlZMjlBWW5xSnJyMXVRQnBuamZYTzg?oc=5,High Policy Benefit
AWL,4,-0.19215000000000002,9.0,"agri_rural, energy_transition, manufacturing_pli",https://news.google.com/articles/CBMi1AFBVV95cUxQMktqT1JRSmVycFZGaFRYWXZDcUw1cFdGRHA3ajBVc1hONEp3RU5qN1poaFRCM3d2cWF4UjdRdWJLSGZjaElpSU5kN2tndEZzdVNEcEhxTkdyaHFqeDBOcHJfS0ZwdVgzQXVMZS1sYWxUdTJIYldabHIxLWxyWXI2Q1ljUG1JNUZjMlVyemVXZ2d6UWlza1U5Y0FCOXpsNnVpMWdiODBtYzExNWFMcTVIVEVhOExROUlteGkzNmhpRDNWMkYtTWtXVF95NENwb1VSb0hrOQ?oc=5 | https://news.google.com/articles/CBMi3wFBVV95cUxOUl9ib0JFdXVxaWp3YjYxWkFzLVM5NHVMcG9XQ3Jfa2VGVG9pU182RzF4T0hERlN4SXdYdndndlBwcDZ4U3Y2a2Q5Y3l0d1VDWjVmSnZxTDVzdXNCYmRkSFNWaHByeXd5cHA4NldfZ1MzdU9PZktwTFpvX0p5SXpTZmhaTU5jZHZRVDZtdi1xOE11dmYtMENlMEFuZ25DaGg0Szd2d2JpSmhXVFVxU2xpWDBISk1zaXpwalo5amEzU1o2M25pV2ljNE9oc2U4aGx0RjAzZnF4Z0RiUnA0RjNJ?oc=5 | https://news.google.com/articles/CBMi5wFBVV95cUxQcjJvcUY3cXpOcVJtMHhfNldscld2bWRhSWF1akVROFpkYmNLUzRCcXdmRFU3U3JUYjhBX0puM0c2ZU1nSWdkMXlyXzBTNFlJUTZUcjQwd3Rqa2xldkJ0ckRMYzY5ek5QaG13YngyRm8xcjZlQ0w0eVZxOVpXMk1rR3lSQkhZanZsNVNTYnQyelBDR0xDMzRsVlJKYzAwNEdUQ0tqZnBJYnVxTllJLTlMMDVmWVlMRTJBaG9OZ0FhalJEQWxHLTZQeVRFQXV6a21Pc2hqdmk2enFBZXR6aHdpT3VSMThZQTg?oc=5,Potential Beneficiary
ARIS,5,0.1372,8.9752,capex_infra,https://news.google.com/articles/CBMi5wFBVV95cUxPT2s5alV3RlhMbVNUa3gweVd0YU1Jam9HVTU3eldKc2s2aGZjcVNEdFJCMmVUVW1pSDh4ZThsR2ZzNDJGcEZuQnNsZkFPWGJlTnE3U1RZeWR4bFJXM2pWUW9rWmxGbnlBc2gtb2p0NWEtaUdTSVFsQ3FvNzJhWEtjajU3UjM3VTdBMUlkUFoxdTd2QjUxdHBERmVSYVgtUlFRdTIxS0lTVWhReWlLN0dpa2hxR3pENURyQW5HUzliMnc5cUppOUY0LU1JZkFlMUxncEtMYzNRYXVsN3RDaUJkZlhsOXMtUEk?oc=5 | https://news.google.com/articles/CBMi6AFBVV95cUxORG4zazBXV2lkdU9yZnRqX3ZGREZOd0paZzN1N0doNzRNMVgyY1JhLXc4NVBiYWtreGdBeEtrLU9TVHNfMGVVa3BKYUhKRXVzU0ZvSUtkWHdpUDhGQno2VzRyRDlYbTNzWDUtM1d2eVpSTmZwVE9adThkYXpyTE15bHdIZ3d4Si1IZG5qRWswMVEwM1JLeUdNTDk1aWF3aUNRR0lnTVB3NjhzbFhXWXpoMHRJajc4MlJEZGM3UEdKU1FVd1hPQTB6U1VUbmwyY3RhblZEQjFHS1F0Q29WWVNzVXVDLWdxR1NR?oc=5 | https://news.google.com/articles/CBMi8wFBVV95cUxNWENTTFdBZndkbDZ4elNzaFNSbnBQRkJDVWFJQ1VPOGh6MXRBX1I3WHRuQ0I5eHVKLUlsYTlvajZROTJzejJQRmpfTG82OTNPMHlwLUZuR0xabm9WQnF1OV9pZnRFRzl3UE5keXpIZXhQel80cWlzYTJWd01RalJGVXhlSTN1Snk5NWxaMGM3c1J2aXRvdmNlLTl0VW8xTlZMbW05b29uM0RESFpyVjFiQ2xhRVF2THQ1TnI3ZmoxTVRib2w0SC1JQzN5UG1Da3BCQ2RyYlV4elJWekhoVDFGNTZmdE91MjFmNjFub3VCTDB6TnM?oc=5,High Policy Benefit
ARSSBL,4,-0.20387499999999997,8.9192,"banking_credit, capex_infra, energy_transition",https://news.google.com/articles/CBMi7wFBVV95cUxPOWp3X1BUNHdmS25xWWd6bGxwd1lNOGRZb1duTlpWZnBZb05iY2I1SFNzbmYxT0xEd1JMTWlaUlFHajRwSzUwdXBFZC1qZHdwUmZkeDRuN0dfVzZIWElLN0wyc01OXzJwVHlBeVRnR29KbExEVEg2UjdETHU3d1A0OW16d1p6bDJMT0Nlb2l5M1RyRDNKSUQyZTFKV3gtZGZjMWpjY09JMWIybzZXaGRtUXdYdEVxcXZjaEQyTEF3TzBnZGFzNlktNlBRVWFHdXNLdUIyLTFoWHZVRkFhZnhPMWJDUUtSLUIyQ19nSXpHWdIB9AFBVV95cUxPMEtBUFlJVF8tclJYOW5jUWV3Q1pvSlZSSnhrQ1c3N1dPb1lCcGhQdXE0OERPeVFqUTZpQzJtQXBwVi1uYl9fcFdyZEJzRmpKRVNxaVFEM09MQnZERTdoYzVvbVBvZWlRcktZY0psUVJOVjVzQXM5TWRqVkNqb21PZFZESVloUEM0ZnV2cTJTdGtRV3RONExzLVhiMnVaNGFwZ2RwR0huWkkyZzZHeENYYVlnRGZXVXotTWdSamhhYVZvQ2NJT2ZoLU1mdms1MkhUZ2pyTWRfenJyWWNndlhXaDNrNkZ1MTRWMlpvRk9QMHd3cGw0?oc=5 | https://news.google.com/articles/CBMizgJBVV95cUxNTWtjY3Rjbzc2VFpldWwwZnV0TVZRcDA0RllCblU4WEZTNDEzU1ZuZklKdFlsNWRNRFN3Q2paWjlnUDFBVXd4RU5MeVk0eVl5eThUWmZjZmU3WUExSU5uNnVqZDRPaWFsd1VKcXdIdFJnb1ZFSkRKUk1Oa3NYQ2h0NlpmM3RmWXRXYkdCa2xsX0c3OEZUaTJrWmRkSENpWUc2dDNFa1k3d1R1c2FrOEltUldKUldiTDlyY0hJRFU4UVpEWkFmRmlsZUs4Uk1tOEVWVzFkd0w2cDRqYXRWU3Mzd3hWcjRra3RITnRBQ1FvMGJIRjU1X3ZLRlJqUV9NQTZrZG9KZjZSUng1b1lzM1E1Z251M21sYU9BRVBoMHhGbThtZ2gxWHNmcm1aUzVFS19aMExtVE5UYkpSUXpwbFlLeGFPSDg0Qm05d1pjYmpB0gHTAkFVX3lxTE5NSXMtVzI5bG90LXlIQ2tBSzVTeDY4aGx1Nlk2Q3oyWEVZYUswU2MtWGVsaHZGYTFlZ2tmU0dpc3FtX2V5blBqWUxpLW9vcWdMT051TkhtUWFnS1N1Qmp3eThjZXV6dC1DY2djQ1Jnd3YxblJrcVJuc2VVenRxUFloQUgxV182eDJpSnZSTXV5eUVVQjlzRkFibkZUTFdTbDhCclRCcXpsd1JrdG1lbkREeEptQ3N1ZDE1QVlKTTZYd2N5eXA4TUlRcThoc29MX3dUeldybzZBbjN4RW51Z3RMNFhTMTRzUThHM19VSThnX0pNcDdTNkItZzRVMW0wNTlwUnFDYnNzYmVadkdzSG52bmNuMmoydThnTHQ1eFE5OWJINHVyT2tiNEFNUkhZR0hZNGZUMXVncXMxRHpHdl9YMnV3azVXWXkyTVdUd2VqWkg0MA?oc=5 | https://news.google.com/articles/CBMi8wFBVV95cUxNaGhkZFZkekJFcXFqU2t0LWpDMW12SGlBOGhHSmZxOExtTlVZSC16U21POWI3ZjdMN1diMHBfSUJNQnZwaTd4dmN6eTZBN0F0b3VnY1pudjdLcnFya3ZaMzBnNl84bC1fenpfZ3VReEMtTXhGaEtoU0dBS2FnM3ctRTN3aUJDTUtNQjJxdjVlY3k2OVdSV0wxZEVCanJqS2NMOUJDbk5HVmdROU9hN3JabU9KemxxYWZULUF3a1RvSGZUWVR1UUtCdWdOYXdkUFIxcHRMM3FHS2I4SzFoTFkwWWkxVE13ampvdnU0UGZ3SDZiM3PSAfgBQVVfeXFMUFl1SUJid0J1ekZ2bmdFYWJTT3dMemg1anQtcXgtTDJ5bkExR00yelFMOWktTmhaLU1SV0d6dGN2RTFaNGg0VVF3UDZXMFZER2ZUOXcycEFpb3lVa2xQVXZiYnhQdnFFSlFCVWgxVWJPYmh4NWEzaFdhVFB4VG1HRjBxREZULU00V2NUWFp3MnVPQmpjNEo1ZHhLSGRCeU8tWWdvcTRrb0I0Skk1OFpqa2xWWjk1Qk5meVR1ZU9oeklLdVlTbXYtUkQxeVIySm9QOFlFYkZUT2JtRWRjR0NQZkk3c0FmMU4xSm5ZMWZlUnkxNTMtTkxkQjk?oc=5,Potential Beneficiary
AARTIPHARM,5,0.054759999999999996,8.684000000000001,healthcare_pharma,https://news.google.com/articles/CBMi8AFBVV95cUxQbU9EUDBaNERBMXFXS3dsYjY4V0tZN3U1UUpwWXpITjJMZmpxVS1WN2xRMzlmQWpTQW5QS2d2bFFhQW0zTjR0RV9qdGpEZl9XYVdnanZNc2tUanpRQ002SkhOZHlnS0I4U3hkZ0g5NS1LTkgwWERLMllQc0VGckFsTkg2QUlOTnA0SVBaTmlpbjlSRjBudTB2RTJsNEJMcWlXUHN0RldqTDhiUHJvQ3hhTEQzOExKVHptQ3ExLTFxNElMbHYtSDJyX2RQblJiTDBjYTJqM3E2b0xBdG5rQU4tLW16RkhHMEExdmtfNjlnd0s?oc=5 | https://news.google.com/articles/CBMikgFBVV95cUxOdXpQNXBlNVZLdFA0MjBFZE5yVnRPdUJmWDY2VFJYVlluWDBjYTBhRnl3eUV4d1gtR0Z0MVZyc1JXQ1FJbkRHY0FkSVN3STRFb2tRNG9meHVqa3hwWUNDdEowWS0yUElFZjJuZ2R3Nkl4RVRkQkctN2stLTBMdlRVY2FIYkU5MUEzVmduRlRacnBoUQ?oc=5 | https://news.google.com/articles/CBMi3AFBVV95cUxOVE1XbFAtTFpQdlhOS0I1bmdDMUkxSFdoeW5aTlNRcGkteE8xblRDS01PTm8zTlR1Y2xzZXBzdzlGV1FoNGFUY3Q3aDJBak94LUh2Z3VlOHU5ZFI1LWxoY0xuVlBERTN4QXh3UGpqblU3U2ZlWE9qVG9LTnpNQUlucERKemJDeTdPS3FaOEJ4TlhFV0VZLVRDWTJqS1NEenFHODhWLVo4d3BoamktVW1nZWloWVlldDF2MkRtcTkzNGhKbXlLVFdkQURWR0pMd3VndDRwdzFDdXRhcW1n?oc=5,High Policy Benefit
AUROPHARMA,4,0.04027499999999999,8.544599999999999,"capex_infra, healthcare_pharma",https://news.google.com/articles/CBMi8gFBVV95cUxPNFlpdlRIUkJtQllxeHBOMHN4N05FaHVxbEhWbVNlbHM0c2h1UFlaZlBzQWc4cTZzc0RMLWtXUmFpU1FpQ2Y0ZjEyZEs0MlVRUEJjNTZ1TDFxQXZtT0Nzb1FtaHdheTIwQzdWTmRjQW5UM2ZSdHQyVVVjOUFQOS1iRG15TURoU1B5TVBBc19hVjM4emMwemdmUVFfb0s0bUY4ZE1lVVpPN1BBX2pweXhVLXM5QU1HS3Z5YUxMYjg2elRub0ZQMUM1ZDJfREJfM0c1QnZSVlhsa2ZoOTFzRkJ3TXV2VUd6a3RsTks5RVFsT3VBdw?oc=5 | https://news.google.com/articles/CBMi1AFBVV95cUxPNEVFY3Bxd1FYX0t2MHBGOXIzTy1GUC13MS03QzRqU3E4V0lRdXkyZlFWNmhtMFdGanlXQ3NZTHBUU3RhaWJHbEJKMnAtNW4zbGJjVWVhd09YSDlUQnNrbG9uQWpWZGsyMlJJdlNscHMxMjFUUmNhSi10a0NCRDdfYVV2RGF6TzhWaDZfWUpYNTFYYko1dk54czZ3NkpfRERqTV9HUEZ1MUJvTnNtOENielVjTHZGMnBjR0wwY2ZMQm5BTXFZY29zalJEZDdraFN2VWNvMQ?oc=5 | https://news.google.com/articles/CBMi9AFBVV95cUxPTXExcG9NcEM3d1RtMmhMWC1fNWhMdkhvbWlaS0V6bzZ4M1Yyclp0cnh4ek1GYWtzaUVHUFdKRWEyWkRzaTROQzhLeFVMbkdUUTVYZWUwa2hhWHRrY1JGVk5SbjhVTFRNdk5uaV9tMTZ6UlFtU0wzVmZlcmRDRXVNVEVSV2ZfQk16ZlpiMV82Q3I5ZWhSZXc1NXdHNHo1d2czWG45M3J3T3pNVjN0UjlWZVcyaWtCdUtaNTNvZDkzQTMxRlVOS3pPeFJ5WUFBclluSkc5SVNfVkxWTDBaU05jUDdrc2gxWnZkdWF2ZU8tLVRBZlpq?oc=5,Potential Beneficiary
APLLTD,4,-0.02372500000000001,8.2636,"energy_transition, healthcare_pharma",https://news.google.com/articles/CBMi-AFBVV95cUxNNnVrYklULWk4YlVOSm9XbVVfV3BPdDdadDdTOFdLZHB5TUxWVFZ3dENXUXF4dDJ2NnY2VlU1d1JablQxOGRvMHdORFY4Ti05aXpuRW55d1VIUHdfLWpDU0ZYcVhMM0lLWmFWZjdpQk9pMmtuTjNuZXNwYjM3bDNmWmc2MGhuMGNmQnliVHZGVzY3YjBOc2c3d0F5VzlrODdZUi1CZW1RdXF1eXhuRjBrcW85MXM2bENYcFJGM2c1RjVDN0pfVjQ4UTI4dHozR2FYamxXem9DQm92UzBDZmZJeDNCWGpfamlJTHRIU3NHWXY5d2ZsSmVoVw?oc=5 | https://news.google.com/articles/CBMi1gFBVV95cUxOeTFkWldwN1owY2U4cS12VVdaQTdROTU3RU9aSzczV2JpWkMyRFBpd2ZUVnpTMnlUOFZkV1RiNUx2N2VJMXRfWmRaM01NYzdrci1zb1pyM2thSXdkVERfQ0dZMk9jVkFJekNWbVRtY19VUmwwSlJ4UXdtT3diWVBHclJxSjFXUTBmdXpCYkJUSUFWT0EyczYwUmhvWjN5YnhMdVJvV1FLREQ1TGJDWGFzNlAzR1JKNUcwc25CbVU3ekVubnJsMi1IRTZXOGJDaklwTFp5clZ3?oc=5 | https://news.google.com/articles/CBMixgFBVV95cUxPb2lSSWN5b0dGS0RsSXNOcXQwNEZieUc2SGMxRjdqcVBHRk1MVGw2WmNZTzJZTnRjb0M2QWFTU0psNHp2NlhfM0NDa0hDNW1IWkhiOFdJclFtajd6ckwzc2FLVGJfbHFLWWtPUlFyc1ZqbnBqQ2VpNHNPUG01WTRWd21iYnA3ZlliSXlrOGNOdW0yVmpZQW1fTndPb2U0clI2cTZ1VFRYM2xyR1dfaGRkcVFWbEtTNWdEUDdpWWc0MUxNU3JZQUE?oc=5,Potential Beneficiary
AJANTPHARM,4,0.153,7.6766000000000005,healthcare_pharma,https://news.google.com/articles/CBMi7gFBVV95cUxNMUh0ekpHUTk0Z3dVT29sbUZHMVpPeE93bjdtbFI5OUU4dGVsVTZaTUlaYkpxbFNrMUVqdnVYbnBEMG95NzFzbzFUNXpoUkVBTFVocHNuQUFCVW1STThvVEdsZGtkd2d4SmVKcTQ3azVGMEhwVE1mY2JQZmljbWNodWQ2UjFuT2szT0FCYl9wSF9zVDRmckVIZHdNQ2ZZbzJKek0yVTQya2ZwUjRoR0ZEeFdPZ3FXZVN1ZV9vV0hjYUJNTW9ZRUx0SURlN0ZXOUhNaGoxandFVThnOERHV0tMLUNtVVFSVUVXR0s4UDd3?oc=5 | https://news.google.com/articles/CBMi6wFBVV95cUxNbVNmQkZvXzd4bm9CTHdHR1hBWW9jOF81eFJEQVVzUU1FdWo4MjJYOXBEeTJaR0JzWGdLRGNVQjk0TkJwakY3c0NXaGJRRFdybzdob3ptU2JtV1JOYktTdl81WGFza1QzRWpSV0VUcF9UODNjV0NvVFlqZmdtX3dwTkNBeTl2ekFKWUl0bEFNNkJJNnJVV3NKVWVhN19FeHJEUVhUX2N2YTBlZEo3N29OSElUVjZBM3dvclY0WE9PZ2FOdmFxYmhsV0dWTFZ1N3dKcFk1blUxRFZuZkJ3Q1lhT3VZTVpuMUtvNHA4?oc=5 | https://news.google.com/articles/CBMitgFBVV95cUxPOE54cGRsMXZTcE5UVkxMcmlpYVkwWkdyTGRjTGhvUk42eVA2VFpSX0xNSnI2ODFvVEE1UFFwTkNqM1Q3ejNISUxFT1U5RjJGRDMzMmxyRzRaM3RBbDhVeGZHVWZUYWIxSFJPSnBoWHd4OWZ5eXFNV29pSGVUTFVFcm5JdzZMeWttVWFpUFZXcnl2X2tlLVMtMkt3R21vOV9Od2tGUTFDang4ZnluNmd2MkpaYnpoZ9IBvAFBVV95cUxOdWJ0Q1RwbWI3NW1VOVRGTzhKYUNzcWd1WFJMSU9DbEo0dklyOTFoVDBrRjVfQlhhRDEwV3VrMjk3SjloYmhoUVF5dUFUX0V2b0IyUUNjbFk0XzdQeEprZXI0R3cwQW5RQ1VVLUUyVTN0TG1nQnJUYlZJS1ZWbmZma09RTGN2RjNWVnQ2LUZlNzVGTzlGcENmMGprZ2dmamlXUTNxX1BOcFNJaDQ3TnVaZHZhRU4tR0I5TVA2dQ?oc=5,Potential Beneficiary
AQYLON,4,0.08405,7.5154,"capex_infra, energy_transition",https://news.google.com/articles/CBMi5AFBVV95cUxOMDdsX3hzaVRfVlQ0RUFIUFIzX3UtVFNNVmJvRS1aNTZ6aDk0Zi1YM0cwc2l1TjJEa1NvZm1zX3RwTldBdkFvaHlGWU9IWFF6WllfbDJoM1FQRzIzTUJla0x5QkgtUXpUR3FtMFVha0J4alBEUzVHeDdsb184Q1VjZHYxVzFGdldsTTRib2lMUjJPakh1RE5GVUhJVUhrYmRaMEpRalFhQkxKYV9DWGtzeWM1VjVIY3JtTGExYzVMc05yMjdfYUpjb1l6Nnd6U0R3bHhuWHVyTW5sck1ZeTNEUUdlTW3SAeQBQVVfeXFMTjA3bF94c2lUX1ZUNEVBSFBSM191LVRTTVZib0UtWjU2emg5NGYtWDNHMHNpdU4yRGtTb2Ztc190cE5XQXZBb2h5RllPSFhRelpZX2wyaDNRUEcyM01CZWtMeUJILVF6VEdxbTBVYWtCeGpQRFM1R3g3bG9fOENVY2R2MVcxRnZXbE00Ym9pTFIyT2pIdURORlVISVVIa2JkWjBKUWpRYUJMSmFfQ1hrc3ljNVY1SGNybUxhMWM1THNOcjI3X2FKY29ZejZ3elNEd2x4blh1ck1ubHJNWXkzRFFHZU1t?oc=5 | https://news.google.com/articles/CBMiZkFVX3lxTFBkdHhkdy1BWlJ6dU9Dem05OG04c1JTYmtiV2F6VFkyeWw1V3JkNENZVUhSOTNrQjJ1QUZlZHdkc3c2eE9xbmxJR3ZXcTdueXB5ekl1NDV2RnA2Qjd6anlEM1lUNWZFUQ?oc=5 | https://news.google.com/articles/CBMi4wFBVV95cUxNZC1Cbm9TYjk1MUxHM3I2UVFfSWVKNFJfbjVDNEpjVTM1emRPazhvREdQaC12ak5PLXBWTEpzcG9XSHpCcGF5b1MyMEFNN0l4dmR0S3hSU0s0OXBpbUxUZ1JoV3QzVHlKckhWbUFyU3B2V0FCaVZ2SUY0a05ESUJjYVZ5UzJkcDdiWDJubFV6MjFLaWlOV1hKd3laZE5keTBQOWVTbkZmV3JGZGxFbFlpTndNN09pV19ramRySmtYOUJ0Rl81XzBpS1J3TTVzd1RUSWV0aHBmY3VPUTlPMVpVNVV5WdIB6AFBVV95cUxQcXQ5bm9ndjZLZFRnNXdLejA0MUZ4QVJVemlhd21EUDNJaDR5NmVla2E5elpfM3daUEhHYWN5aEpINUk4eHFra1BKVmtGa0s4RW5qSXVMbDV0clkwc3J5YXhKa1B3anNIWWRPTTJBRTl2bldybHlCdXgzWTVJdGFqc2hMelJnM1JNMC1nWWhkb1dhbUhsNjA2dVN2UFduR2kxYXI3bmVtM2RiZEV4cTZpNnBjeVhUTUdWc1daaVhYajlUSkdXaVdJMnZHLVZaclc0eFluSDVJalllSkxJODNiLTRPRldZY01T?oc=5,Potential Beneficiary
BATAINDIA,4,0.148375,7.186999999999999,energy_transition,https://news.google.com/articles/CBMi3gFBVV95cUxQd0hkSjRBbzJWQWgyQU5XV0VhZnVJcUNoSjBZVWtYbEtnQzNJQzdyU2pZNG9VOWhKbEVtZDhTNTk5a2NPNEhhUThzX2JObzlFTHlPMktoV1hTaTIxQ3ZVTU95QU15bzlaNGxDZVpXcXJ4dnpJRC1mS0otS0wyblNkQU5sSFpqX0pQYVpkZWs0S0s4QVRoc2V2c2tLUUUwY3pNNzVJSUd0NzBlMks4RWpveVNtaXVGM3AwMmhheldyWm92NldrRVFGMEZWQnVoelB6U0JaLUJ3V2VKeGM4ZWc?oc=5 | https://news.google.com/articles/CBMimAFBVV95cUxQSnNuam8wS2xIWWxxSmJRU2Q4MFE1a1ZXV1JTaUFHejE0TzdmTUU0SXJ3WGdHTlRqY1hGdm1IVDZCcWF4Z1JiUTc2OGs1cHV2TkwyMjJjVmlSTXlBYnp3WEtsQXRfSHM5dUlQUWZNa21XRnBweEt4d2tZMk5QS0l1WXdweG84QkZRU2hlTEtkZUhiWXZBQmxXTQ?oc=5 | https://news.google.com/articles/CBMi-wFBVV95cUxPM2VfZFNMekRWTFpTb2NhOTZrMEJuejk5YnRpU2k0SWtodUt3YXdCbjNhOUp6WEpJbEl6ZEdicHRxakRiZGV3c1EwWHhSaTFxREZwZy1CNGQtRV9mOEJTNVU5cnF4WWV1RDdsRVR5Rkp0bWRjRXFiRVVRWkdBQzEzZFp4bjdTSG8wY09CQk5KNzJ5NjdmNDNKNk9ibEZ0a0lsQUJXOWRNazFVLW83eE94dUdwRmRlLWRJMUdFdW1UbjFDVFZzR0lDTUJyQmZQXzVRSkJIVUVNSHZNUE0tVS1ZM2EwcDBTSWtGUDBXazQ4MS1IQXYyM2FGMnl4d9IBgAJBVV95cUxQeGY0QTdBUldyMnREWU1sTWc4ZXQxMmg4RVAwWVhxR0xFajZwRF9sNk1hSkRmM1BxNnN2NGhObERLS0hUTWk2NzlrbkJyQVFoSTBHRmtWclM0U29fZFpOSWhVdzNRSUY0VDR0LTB5eGQ4Y0pBcXBlQWJibXAybWYtTXNGdGRwdDRRRFhSMkRMalp2VjNlSXNhb1k2NHdObkV2RUE2QzFjdmd0WkpTUUxGcTZOMXVQNXFYSHdvSG5oNXd1SVFqNmpjbU1ONU1OMlYzNTRsUUY4WGhGSnMxWFF4bjZXMmlxb01uNVUydGxJQTh1elVMZHhkVHJVNnlqUVJG?oc=5,Potential Beneficiary
ASTRAZEN,3,0.16463333333333333,6.9878,"banking_credit, capex_infra, healthcare_pharma",https://news.google.com/articles/CBMi-gFBVV95cUxOdjRreUE2U1VSSEQ0VEprY25EM0pqX001Rm5IUmpaQ0tmdmVrcFNlbEJ4M1ppY0Q1Y1RIQ0k0VlI4YWhFREtJdnJCV25mUzlFYlhDeTNIUFNEYldJSTUyZzh4UXdTdFhRNGhyWHpEMmVndzRMXzRaaGhTWG5oZzdBMFNNLTVFUUo4UVlUX29YTVRRbkdJeDVUT1RZTjFLYVRxVHZfdlVmeFVlV2tiNGRyUEZvbkliQWhITkNvcDhYMXV4MnFYcXN6UGt1QUVWcHZQS0t4ZXNkbTVSVm84WnJXOFRBcW9uNmJJclJ4c3RMTTFZNWZjU05RZExn?oc=5 | https://news.google.com/articles/CBMilAFBVV95cUxNdkVsd3ZZb0tNMHQzSmpNclkwaG5lYmpzUHR6eU5BZVRJY2pseXpzR0FVUnFJODJtUjFOT0hIWW9fN1BwVlluMmRfdl9NR29ITUdyUndSTmVxOUMxLUNlYWRVdFpSUG9wLXVTX2x2RUwxenJWQkx5dXpneVprbUZnQVRHZEFiME1JdXpRRk03NHU1MUN4?oc=5 | https://news.google.com/articles/CBMi5gFBVV95cUxPWUI4clNvQmhtMXU5M3dieWNoa051R1hxekQtcVpjUzd4ajgxX1pjLTd1Yk10QW40WEVMb1pUOEF5MHNuYkhaRkVZSkJmdlFuS09iTnM0SVhSN0JhWGZXT3ppLUwweldiMktLMU1NaGhrZFI4NVhjaXJ3UE80R01kc2ZMZWFtaUpfWXJuZnFlN2lGeEpHdXBYSTgtZWx3ZWhXc3NyMGc1bGl2SkNGSExfY3JHM3JHVmM5azFpWHRKVG12NGhyTGRfVHNUaE5lajhZSFJmWmxqelJSOWhkaHAwTnNTYnpRQdIB7AFBVV95cUxOUGNoVm5VUHpYX2VKNk5DU0lRb182V1B0T1JmbGRORTBJeFFoTzJxMzkyM3BWcVVCelhRWXdNQVhnaE82OW0zd2F4Q0tYOWVEOUJsbTVjaUNpRzB5b1VzRC1sZVA4dVJsUnhWdTZMcEdBUmdlRHBmRUNqcHhkMENqZE5xTjItaDd5VGY5ZkI5SEhPSVpjODVyLW12M3RkZWFybC1veVhrZVRGVHBQZklpd2hranBfeVJnSUxtNFFEd0MwOUF0dzFUWllxbjZRUnFpMDQySGhheDhuRUQ3UklrQkpxelQ0WDMxVDRTNA?oc=5,Potential Beneficiary
AURIONPRO,3,0.37766666666666665,6.766,"capex_infra, energy_transition",https://news.google.com/articles/CBMiqAFBVV95cUxPQnByN25NTUNMX0NiaU1YQm83RWxZaEc3RWhjcVNIaW9PenRPQ1g4dzNEUVZxZ01MTENOMUZHdlNQSTh5MHNxUnZoUlRTVHFuUlJpU1MtdXlmbWw5dEZUN3lMOGMwNTVvZFFEa2J5STVYN3d5eTUtVE5ZWVdYQnpjWW9VUFNGeGM0aGVidERzVkdUeVJRaVoxakFxTVFnQnJXZG9rRm1Sbkk?oc=5 | https://news.google.com/articles/CBMi2AFBVV95cUxPa2gwcG1Oa2IwdEs4QTRDM3d6RF85TVo3S1pnMXlaRENROUlQamsxWGNCWjhlS0IybnBuMmpBWUpDbHdaUnA5azF3a28tdjNJeTNKTTF4NTNmVjF2bWtrZUdKTTVIWUVQc0xaQS1JMU9qX3JZRjVyMzhrLUYxQ040azMyeWI5c3dfVG1LaDdxRjBWRFd1MER4b0lqZGp4b25mWEF2Q1JGZGxGcTlRQ203cldEaEJ5bnFsWUJ5aThNcnJVd3dlSnI2SVRkX01Md3JuNnh3Zl9fZ3c?oc=5 | https://news.google.com/articles/CBMirgFBVV95cUxPUUswUWo2WklON1p3QU0weFVtTENfT01YMDBFcERyVEc1bC0xbFc3MjdEQVo3WVZ4cVhBZF92dEJDTklhODVrbml6TVhHMmhYM01udk5sOTJEeVpOVnRUdk5BczFnRDctbkNQcGEydEswU0EzV1E5VHpnOXc1M1hDVExpY1RuRjNFZUpNWExnOUhCU252M1RNTjU0bmw1MExWNnZ1WW56SW1BV1pMLWc?oc=5,Potential Beneficiary
ADANIPORTS,4,0.0629,6.7086,capex_infra,https://news.google.com/articles/CBMiggJBVV95cUxQSEpyTEt0di14UWRTMnA5Yl9Db1B0eTRQdmxMMEtPekJrQUJvYTE4Tlc3bzFkVjlWSGZxYmdXTXFrVlZuYWdzSkxqVFoybjN0MWFhTzhXS2JBVDRFckxUczFCcUd0TkR4Z1VWM2hXZVA4bW5MTTlRVnJ0aUdrZjkyekNkV1JFeFZxUlJldFY5TWIzRXJLdktPai05NjU4M3JrYnNMQnJNMnY5T25LV2pXeXpPejRWTFdHcjhyQnp3blRYTTMzRkMxakNaMU43bXRVdURDS1pRcFJwWWtocHNUQTdUbVBPZkJ4dDlfWDV4bkxoSzFPVE5ReEQzSHFHVTYwWHc?oc=5 | https://news.google.com/articles/CBMizgFBVV95cUxPUTZWWXNPZDdVcWJWb1RHWGZJR2tiRnRWeXozcW9oSUV1LVhha0lnaEZnel9fdkdfZkp2WGh4VmdvdGx5N3FPMV8zTU5VSVl5bnBYaGMyRDhUTEotYnlTTFBvRG05Rzl1enlucGxrdlpzSkZXTUt4VGVZdkl1bjVPd3ZaQy1DMjFVajJRbHhyaTRsR09MWUhSWlV5YnVfbWJYZzAzWGh4SkkyamtIUURTemRNdmhKLTdxa1dnSHNDMThyeTg1YmVOdzVyMG9zdw?oc=5 | https://news.google.com/articles/CBMiswFBVV95cUxOX3RQTTlER19zTERISGRDdHVSS3pmY25fLTJKRDdTMTZrQzRMcnp3RWh5ci1DbUJuamZheUxyQlE3NlJwZTFfYWJLY3B0aU8xeE9OZkk2ajZ5a2RhWXJVYzlqbVQ1ZXpVSnQxaXNCQUE0ckoxelV2cVdrT183cEt3TnQxbThSY2NlMzh0NDBIRlV3eXF3THZWZDUzaFNOQTJNZXFkN1pIbzJ0OF9jYnV3TndXYw?oc=5,Potential Beneficiary
ADVAIT,3,0.36769999999999997,6.7062,energy_transition,https://news.google.com/articles/CBMi6wFBVV95cUxPTDV3N2lhcjBNOGIxZVVMdmVtczBldGN4Y0VMaWFDQ2h2S0FQY0R3U2JOMXFlSE9MWnY2Z2xWdW9oczVHby1xV2hPNEpBQ3FIZy1UemdIRTEyYXhWMVpUQ1c0dDgzYnpCcVdUeFM3WEhfWDhRNS1uSVEzU1BYZ2F1d1Y5eHJCaWUxc1dHZUNlUkthM3NqUnJjSERNeUVIQmY4N2ZKUk9lTTJjVTh4NktXSDRMYTd0Nks4RDhuTndiM2xyeXBBQnVGR296TVlKZ3ZjMThDb2EyS1dyT2hzVEZERWdJcVlWdDh5RHlZ?oc=5 | https://news.google.com/articles/CBMi3AFBVV95cUxOaU54YlY5VUZFWjhySlJWQlNtaHl1X3RMRzJvX3JHZGFvU1Q0cFZUR2ZIVmhhTk9iYy1LZGMtY2x0ejlrazhEdXNuWGdVR0NfYm1UdVVZR05QRkpVcjV5b24wcmtVUnRBR1gxYmIzQjJ6bnBsYkUtdmVCbE50U2VCV1FZbHc3TlJFaUtzblVaTzVaZTBReE1kNlUyWHdWWmhXLWx1N1VtMFZFc3JvUXZDc1FCeExkLWlkT0dqVFVoWEpfTGJtaWhiRHBMVGRPUlR1dGNtWFhUR1J0c1Bu?oc=5 | https://news.google.com/articles/CBMi9wFBVV95cUxNTlVnQlRRT3ByN0Z0ckFYSmtjX0NiWThxYVFCVENxckFNRjBMMjZxWWduckNlcnhFcENLZ2ZBM1U5bFRaOUpmOElJekh6OVVSWDVWUW54UFROUkJUaWpVT2lURE9COGpjTXNWT2NDNkNpN2NGLWE5dGhUWGhzWGJFNm5saEIwVUtKUmNERkJnOWxickFvTDkxRENJVW5JeElEdFBxRjRsQ1JySnh6X0k3S1hwQTQxRm13OUE5aGxUYXotN0E3Zk5IVDQ3ek00X0ZaQUpxVG1GcUZiVVU5Y2otMEZDVjlTbXlDLW1LQk1HaWQ4allfb2dv?oc=5,Potential Beneficiary
ATLANTAELE,3,0.18006666666666668,6.498,"capex_infra, energy_transition",https://news.google.com/articles/CBMi7gFBVV95cUxPenF3SXBQclVmSGN3RmdVY2wxWDFKdXJPVEpxSWl5NTV4TU92X1Z0VmROS1JaZXZoOVQ1VGR6OF9neXBkcHBPSnhjUC1rMjRyTm9aOWdyczg0b0VINF83cDR1U2xRb3JaTDRBbWcwbXQ3M2VnNmhoVUVuaWlFLXBpR2xMQ0N6TUVsV1kyQklmODIzX2pIMlNSeU1hY2htZ1lNWDBhOW50c2VyVUFOVEdzbVRib3B0MF9KeE8ydUdDSXBHekZFTUoxSzVSektwTUJUYUxtODBLUVFWd1AtMk56cVFiT1NWYUIxaF8tUWZR?oc=5 | https://news.google.com/articles/CBMi5wFBVV95cUxPN0ZaWTdiM0JUY3k2bFJzNmJkdlZMdm9kYkNrbUdzOFJJN1E0ZUlZQ0JUNU5ZbTRDLVFncHZEQk1aU3hDU2N5SUxHaUE2aFJWVVNxd2hsd2pFN2hHZVJ0MTVTWlNoU0VoMFk1bDQ2dlFIU2tPTDYzWXNxRnpfWDdvcHkzdkc0MjA3amR4MU5hTDdONjFZcTBCT1RQZGZhSm1BRWtnWHF3a3U0dVh2dXc4aUs0YnpwTG4tVEFXZmhVdnlPcUNKRm5mUEpjS2RWbHZmUVdidkhabVlPMWJsVGF6N2hxQkhvSms?oc=5 | https://news.google.com/articles/CBMi2AFBVV95cUxNenZlSVd1QUZZbzdrODVWcjhSV3pCTHNJNmFVQ2JwdHM5R0ZBaHR6LVhOQlR4THQ2UFM2VTZOMDZFbklaVFNvQkRTeUw4ekdDeHdoRTBJWDV3LUcyaVRyWUY0enZsbEVGWnhfR2pnWFNvbUF2ZkJRQ1pwcmZDR2hMNlNPdDQ3S0k2aDQ1Z2Jvd2Y5aDhrUVJoZGxWV1M5VDFlQ0FzQl9QbHBjOGNGZTliUGxoN2t1eVd3R2ZwOFU1NFBLU0c1YlQ3UG5yNXRBTXVidGRJdUhNOE0?oc=5,Potential Beneficiary
ASHOKA,3,0.2936,6.2616,"capex_infra, energy_transition",https://news.google.com/articles/CBMi5gFBVV95cUxQUTB1b2EzaXA4RXM2MEtYOFlkSXQ5UmxXSkQ1cDNwTlVlQUFmaHh2d2hBQmw0aE50ekJoZFh1TE8yZFlsRU5ueTI0X2RCb19UczBJczUta2Z4dEZkak1PMUp5djlxYnNZZmJ0LWJocWtDa0ZRN21lR2l6am42TXVpczhmeGtkak4zMEJReUExVnBObnNDdElraXZaLVV4OHRWVjM4REdpVEtzUm1tNDhMVnRFaTlVMU9wMFotQU9PUVhDdVdfUklSdF9ZYXNoaWt1MWtXaHZJRTVRM0lfSHRYTGJfSlpRQQ?oc=5 | https://news.google.com/articles/CBMisAFBVV95cUxNWmNYWUphQWFaTEl1ZlZhMWVKU25QYlFVcV9QRzVfaHRtTnJQUVNmOGFhbml3dGpiRm92NUg2UmttdzlnWW9uMzhtUmV1ekhGVjhIMk11eGFfYXRySEMzdzRacVp6X1BXdXpsa0VQNGVzZFFXRFhBS3ZtQjNseXJSNnBOMHpWbDAxeDNDcjUwekhfTElCOEZnaHhRZWZIQlFRQ0pzVDU4Zkg4b2o5TnV6Ug?oc=5 | https://news.google.com/articles/CBMi3AFBVV95cUxNUEhGS0ZuVEE0bGxKTFJHTmhxUmRSWlE0NV9RU3FRanBTbE1KMmwwdEV3SzhQYjlXWS1zQno5SWMwdHpITkZBa2VqaDhmbnhGV19CMmVtOGxla3RrTjFPRnQ0V2FLRE9xVGRPdDMxNTlmcUNFZGFyV1NTYkZBUHpJZjNVYXI2U1J1LTA2Sjk1NDhSRmh3TDFQTzJVblB2Yk9TdFJDSUpKZ3kxQl9INklzRVpFekZCc0hwSlpHdFN1ME4yancwQjFCdU1VZDdjUzdyQ3A1UDNyYWNfSUgy?oc=5,Potential Beneficiary
BALUFORGE,2,0.4253,6.2012,"capex_infra, defence, manufacturing_pli",https://news.google.com/articles/CBMimgFBVV95cUxOczBHR05QMDNXaTdMandsM2k5aFpUaWFpRTlDUEV0Wk44TzE0bkkzWC04QzNjTER5alNOQVY0RTYwcndFOWFRNG5FWU1FNFZwcnlQVlo3UkgtSi1mY0E1T2cwZTdweUlscU9UWV9EOTE1Y0NsNWZqRDA1T2loZ1BGMTNJQVdfbjlSMm1obzNmVTM4aEVaWW00aUhR0gGfAUFVX3lxTE5NVTdHUkZ5bkRETnVCWUpMdWl5S1g4VlBkcVRuWnFkb21QMmFIcjZFbnp4ZHoyNnN3dXJONWJkZlBMVmxmdU1wUEZ0bXFNV25SZk9reklLcmNEVW5BbTNSSWJRTFg2RmR2ZEd0RjNyRWxVTUNsa2tkTEZGQjRkejNpamk1QjlBOEhUTjh2d0dNYkY2QmZGMFpscm5VRENOMA?oc=5 | https://news.google.com/articles/CBMitAFBVV95cUxQUE9ycUhVUklGQ0E3LTZwRXc3ZHg1UkZjQVpBbENHU0U4ZXY1ZU1YYXNiNE5pQXQ5Y2J0MmpXU2sza3oxR0FhaG8yVkZWR2NqTmJmTFNIRkZJQ1ZNQVc1ZDNGaXlPOVc4cFNiZGhTd2g1YWplLWpZRkNPcV9RT3d3aC1SMUFBTzdUMHU1VGlqOHh6d0gtMS0yUGFIanV4clBzVzRtYlV2NEllS0FWZkp5bjVVWmY?oc=5,Potential Beneficiary
AKUMS,2,0.31089999999999995,6.1962,"energy_transition, healthcare_pharma",https://news.google.com/articles/CBMi_wFBVV95cUxOdjlMZEpxM1FZS3UzMDFObGV2ZXdHOVIxUGozUjIwMW1rUjh3LV96bnl1YTI5YnRWLTh5Y2htWXplV09pNFU3RUJWSFlCUENBNF9MMUplSko1NG1iZnlmUUlNT1A0clBaYk5sSGctOHBTRk9ZX1hhSWFTS1pZbkN3N3NITTdUY2VvZ01uYXNNZWFwTjdhNERHZ0Y5dWUxS1Jib3IyZ0VnN1VqWC1ydUR3QUxrT3JIOEJOVl83SENpVnVHbzV0cnBEU1pvME9qUUxuVDdRdVh2NkxydW1DbWd0Q3ktRkpMLWJYOHRCOG9fbk9MV2FRdXJnNzc2MkhnWUk?oc=5 | https://news.google.com/articles/CBMi3gFBVV95cUxQTk9WV0g1R05kN3NKVG1mb1NhNUdrTFV1OE9YMWZGZ3ZGSUo2QTNsbExaRllPRHhjLVNpeEUwc1hPb1I0RTRmUUE5SThPbnVlYjFsLXR2M2QxMTc3czJKMHlubjYxc3h6bmxURGtaN3NIdU4wZk9iSkI3bGhiNW1VUzRiNjlzTzZ5ZkhwcXVLSDlySGlsREdJSmhCSVhBSFpsel9FdVBNa1RHMUszZnc5Y0UxT196RWxfMjVsRGU3d1B4dmw4MFBJWE9FX3B5WDNCU2tQOXNiaFo1aTFMNWfSAeMBQVVfeXFMT3hQc2NUMy1ESUxWdGJNQkdrcm80OVlEYWFGT0gyekN2cDF1amFTa00zV3hzZ1V6cGVmY1NGZkN5TUhmcVJvSHJPOV96b2pyV1l2ZGdVejh5djdDbE1rZU5aUzc5b0h1VHl2bmRvcnEzcUdQUE82SDZmOFVSVEx0X1FScTJIWlFJS29xcWhpcFkzcmJkc21rWWJ6M19fVmpibF80YnRTbWJHV3JoMnFoRTRGdERrNGRuVHNkZnFYZDhPQW9qRlZJU183SE15NFBIZ05ZellDZVFaVVlKdkh3Uy05dkU?oc=5,Potential Beneficiary
BCG,2,0.41169999999999995,6.1468,"capex_infra, energy_transition, manufacturing_pli",https://news.google.com/articles/CBMiygFBVV95cUxPNzl6MzUtdVAwUWhwU1hGOFFDdl94MTRoY3JlaGZUWE10d0ZyTC1aM2NNanN3eDZXcENRbHNxN2tsWVJyS3gwNTB1Yl9CXzhoRTVpVGoyd0JZV1RoUVk5c0ZIcFZLc0JwUzNRV1ZyU2VjOUtxNkJlcDVUTTJMLTllYllMS2Q0NW5OV09fZTI0ZFVNdGtSVjJxb2s2WjA5OUM4XzVuZGI1QkZjd3l3YkhCM2J6TUdtaGV2Z3FQVktYb1JXWHpaM2RtWnFn?oc=5 | https://news.google.com/articles/CBMi7wFBVV95cUxOa3BNVFl4Q3FXVzVfczh1M3QtWlFSRlM4T1FVdHBLdkttZDkxOGwzblRJd3dCT2xxZE1RcDlrOXVaMWRITExTZk9wT1RqejJFcXJsV2FDUFZEX29UdlRSNVFCNUY5c3E4NUJpQzZWSTM4cldLOEdkMGtuWkRsenNITUUtcmtycmZia2xuMmlXODdjd1hDY0ljcEJ0NzZHWFR6ZDg0amhFY3F4YUhxWDJmYUF4Z1N3TGQ1UDdHTVdHZ3lYTHh0Tmg5OGtVR2VqOVA0dkVmZFF1c2FpYnpvSWZEeTR0a3FRVjM5cEx5cWVJOA?oc=5,Potential Beneficiary
ASMS,4,-0.2751,6.0,"agri_rural, energy_transition",https://news.google.com/articles/CBMi7gFBVV95cUxPVkc2ZU9XMUpqRXM3cVZqSXltRW02MUtqcVFUVTdSc0YzQXM2cDdtcFh5Z0g1TXBNVUdodmFrUkRzMGxUUVZCZWpvVzVqWnoxaGcwemQtUWNvd1RBcUxxN0lvTnNTYjR2a0xvY0Z4WnpVNDdhX1J6dUltLTFwUVZnYTFhWkQ4WklWNVl5bUFvenVidVpZRW9jT0JvQzRwdFNqSVhQUzR1S3pzZ2JLUmxYWklvTjhSWUJNWG9oS2NmZnlLYmx5bTNuYVQxcVBVaXNJTnRyWGxfWFVxQjZUUzlSaERUQU5NT0JPVW9FZ01B?oc=5 | https://news.google.com/articles/CBMi6AFBVV95cUxOZ2pJZ2NSTzZZUFBCSmp2anVKcFhKeGtVM0N3eHptSFhVZlVJNmF2d09fNXZfZGp6SU9HTFd5bllBNUhyYWgxLVdlWmJwcG0xbkR0QW9BNUdKajZrT1hDZDZrVGxpV0RyMnQ3UFQ1X0Zud0syQ2lWUDNLMmh3TGplcFYyMVJQLUw1N1lIX3VUNzNxQWREMW81X2NBM1hzV0RCNUp0Q3F2TVFNSllLSVo4c0VQdGpETzZ4VFZlM0pGZ0t2eHJpbnpQbVlyZlVXMDBycnI4Vzc3dFhCMC1lVHBBdWxPVHNwbktC?oc=5 | https://news.google.com/articles/CBMi8AFBVV95cUxNbmNhaDNGeVByMkFhcUZhTWlXY2pzRUZTX3hka21CN1lQZU5wOFdhRmlaUk5tcjJ1STlmcGluOFJ1RV91TU5HTmgtZkJSeWEtcTA2Z2hHb0hkZE42dk5odWlJVjRvNEFlc3JtbHhIQ2dpN0w0RjdHVWw4Qkt5Unc4bzE5cmZENURycW1MMzA4YXpIenV1ZzBSeFpRTzlRajFETm45ZDBDSmRzc0JZWktqQXJUQld5REFXVG5qTlZPSDREQnAtU1NrdXRTc0VmZHg2QzZoaHBRMWNDY0RZbllCRFRRbjNna1lsbGlnWjFSNFM?oc=5,Potential Beneficiary
BELRISE,3,0.23653333333333335,5.9192,"capex_infra, manufacturing_pli",https://news.google.com/articles/CBMi3AFBVV95cUxORHRTVklGVWQxVDZTajFjUVdtTjU3Z2RhQ09fNzNxTHlUTzhlTEFwOE5Ud2R0SExyTTJ0MDNidThJUnBsbmR4WndLNGxENnNMell1dFQxVEh5S1lURjc4UkFQMm5PWG83TEZRUktObU5pY1daaTllS0c2MDJxTGtZQXRVZFVrQnZOX0xMczdQNWJScnZfcUFtQnhBa0xpNTZIbW5YVWFJa2oybFd3VmZfcXpmcW50VWJLZk5wSVFqcWRFNVZCenZFcmlscUZmbzM4Q2ZPaDRYREFKR2Vh?oc=5 | https://news.google.com/articles/CBMiqAFBVV95cUxNUzZ1QXgtaWI5VGVYeEwxeXU5UExOVVc3Vm0zZUoxcjE5cWhrTTZHS20xa01OUXl4a2JXeTVrTE1mX1BtS3ZvVFNpSTRrZDVKeUVEZGU2MEVBdmVON1kzRGhaY0NYX3ZBZVBZWVBTUFJWd0xiblRjdDRCaF8tMUZibXdVU3RaQ3BBelUzaEt5aU04R2N4bEE2QWVyRUVBajRlYmNwT0FxVHk?oc=5 | https://news.google.com/articles/CBMiwgFBVV95cUxQeE91MDlVVlBQdm9aTUpqYm0tbGtZaE56VHNVVE9sRnAwUkJPb1d0Z0hFTFVKY01HRl93R1duR3htbUlTMHNPODRzVjNmbm9kQlAzNU1kWVZKNzkyREhvVWU0dkJKQjJhRU9zQXEzdjBPSVZiZG9vX1NxdndpUHFIaWYwV3ZQSGpfZHdQeGtHNTdoU2lVUTZuRUxGSThUYk1UNW5oSnZxQjVTUDBHakE2QmVhR1FBampwMXFYbllGd0M4Zw?oc=5,Potential Beneficiary
ALLTIME,2,0.24165,5.9192,"capex_infra, energy_transition",https://news.google.com/articles/CBMi8AFBVV95cUxQQ0xKVWl1RThPMnd5bGtBMXhMa3F3MDF5ei1BaGx5eHd3UzhYTk85UVdwYTlGVEZIRXpJOFhfQk9jVXlhVE1KRC04Nll3amlhcGRFN0tmMTVWSURBemJYdENkTWNUYlhWUG9XRFJTUVpLd01xQk9uVzF3aEttMkhTcndTSGVITVd1SVQzdXZyXzlFMDBCd3ktQi1LZ0RMeEdYMGR5cFUya1ZXb2pZNEVXekRHYkhDQ2o1SWpYSmxkSVduclgzczhMSEVQQmpheWpNY2Z4UHB5Q09uS0JpLTh4NUVCVS1mSzl5RHNmbWtxV1U?oc=5 | https://news.google.com/articles/CBMi5gFBVV95cUxPWXY2Uk5qOFpodXEyMGt3a3pLZDI0andfSjROSXRPY3ktUlVxLVJVZXBiS01kQ1QybDhPbWVCY3VSZG9UODk5VnZWb3QxeFZ4WGxCRzZIMndKVDFyQ3FVUUo1clRoWEQ1UTlSd0NUUHI4REN6c2VWR1VpSU0yQmM3cldabXRmSndnXzN4Y0dQVG9EVWZqaFY1TTAzRjE3SjJ2a1l2WlkwZ0hqOEZMQkx2YkFUQkJCTHUwZXBsTU1Qd1A3WXY1YVFLOHdqQ2NJSzRldFBSa1RfSzlEQnNKMUZCXzN5X0RWQQ?oc=5,Potential Beneficiary
AVANTIFEED,3,0.14806666666666665,5.841,"capex_infra, energy_transition",https://news.google.com/articles/CBMi7AFBVV95cUxPb2o2dG1CZG01VkNka1F2N25PX1gxVXhHb1ZrRjJSekk1amxGX3JaenR6Q1pvTFBwR2JWNkw0bXRSYTBPYzNFS1l5eFFmbmxhcGhaNEpDalpPTUVQb0FxYzB4ZzhmNDJYNUE1WjFTZTRWVGdGazhqVUJybUdpM29BSkJGNDZwb1JJRmppR292dFVuUWNSUl9ZM2RtZGRvVk9aYU93eHVlN25XQk1xeVdaUHE1TE43YlBfNFozQ1BZZV9VVlZ4LWhGNGZKeDFDbjNFU2Z2NHlmRlpLMnUzazktcHYzVFp6XzU4R0tSbw?oc=5 | https://news.google.com/articles/CBMi6gFBVV95cUxNdElvM3pxbDlNckZaVEctaFRVdVRzSkRJMWw0aHJQc2hER1ZWaGVVcGpvS2stT2xLdHRheWhLa0RldF9mck9VT05LVFpReTNGbHNDMTd6SExlVkhnVlpTcURqYWhmN2pqS0k2enYwRkRISXJ3bVAwUHhlUzVKOWszME5vX3d5NXJYSjV6SVAyNjF4OUpTSXZzd3lKRzlNY0NlMkxnZ21nQkpjY2t6UjAxZW5PcnNRNHJjeTZ1c2NBSnAzNVIzb0xXc1NCU0t4T3FiWjlaV2VnWFNwVDRWYU5WZUtWZy1XamwyT2fSAfABQVVfeXFMTS1vTkhJNDBIY2JVNnJFWG5iODFzd2ZUUEdoUUdxMzJSLUF4TFVaMHl3aHR5bUNTcHo0UXJ6RUY0Q0JZNUl0ZmdmS2tXU2UwaDVHeUdjOVBFaXI1R0VjTFhzOGlfaVlvMF9BTUI4cERuV2M0c1ppS2dhNVFqcExibjNPaFozLUQxa241QjMxeXU2Ql91LWF2TVRFNklGOFhDTmhVaEdKbHEtOXNoSFlELWkzTlZsM3JadTRrbGQzUkw0M2hkWGVVTlBxc3duVnhCYXRlTXNyVHk4T0tVUWRoQXNoRW95YjNNVzkwbVl2ZEpM?oc=5 | https://news.google.com/articles/CBMi0gFBVV95cUxOWlJYR055bmpRaWs1UjVXZTVYM29MeklRcXd1czlTLTBFVTliTjRmOTF0OW5QWGcxNkhkZ2pNaDFod3JZZ2dxY1BheXdEcW5qVmtRVWZjeGN3dzhqYkxnemlZR3lkaVMyQVlIS1ZQSXN3anYxLTgxTmpheEJrdFJ1cDZfbFRiZnU1c216d201aUM5MVpEOWdPZm56bTFVRDIyR3BJYVpNR3c0aE80OGE3NWtDSER1a1FXNGhYclFNSHZyWHZ3NGxKSTdQaHVLbDZKeHc?oc=5,Potential Beneficiary
AHCL,2,0.3071,5.728400000000001,"energy_transition, healthcare_pharma",https://news.google.com/articles/CBMi1gFBVV95cUxNdmR1QlRyQVFJVDQ3Wm5RQVdLcUVlbzAyZlVBY2xQWURQRGxsOFFUbGVDejJGd1c1UmRkREFpS1ZfZzk1T0ptQ0FnTU85cnJ2NG1UNHkyclRqU1VoUFdnd2N5MGdScUpnWmNmVFdQODBMZjdVTjlWY2N5VFFfV3BWeFpUdngzSlFNMU9DWVhkYk92el9ZdkJ0SmVqdnJoZnlyd1dSb0NfZlQ2TldZcW5YaEhZLTZ4ZzF3N0tYOTFyYzVwN0YtS2F5Y2lHVFBReWMxLXAzc0NB?oc=5 | https://news.google.com/articles/CBMi-gJBVV95cUxQLVpmQVgwenp2blhqUGl4cEVVb0tfa1U1cVV6cllsUGZNa0Jra1JpUWpuMGZXTmNpWFo1NDZjQ3c1U0x3MmVXVDBrTHEwbWJFckhCRkRCRE9xbnJCa192TWVvODNsUzNvYnBDY0swZXI4NXduZFNnT2RWeEo3OFk0SjFiRW55SG9XRGFmdThub2NDak5mRlhSR0d6cTg0SG5QRmkwdXFLeUtKSkpncDhvSTBfX1RIVUNNaVNzY0EwX1NMVUY4TE1EOE93Ui1FZGZsRzFTdTRqSmliWEpVTVBoSjVsQnUwTGJBUmNPbUVpaHl2blhYXzQyU0N1c1czaDdYMkxUeXFLRlNoVGRFeWVOOGJxZzl2cjZpa1lDaG1QeVFzeS0yRHJLZy1uUzVRLTN4Zm1TeTBMNW1JWW83VGREZ1hGdzM0bFo3RWRpa3hMajh4RGE1eXRxRl9aRnV3eHRfUk9JMzYwdXJhaUlRSzJIeHhhbi1MMlU0YWc?oc=5,Potential Beneficiary
BHARATCOAL,3,0.03636666666666668,5.2224,"capex_infra, energy_transition",https://news.google.com/articles/CBMi9AFBVV95cUxOWE9JT1NQWFFZM0pSTGZSSUh3UmRWUUpTdDRNemp6Y3lQV0R2ODBzdTMwM1BNVnVtcHVWVW5oMF9lVWo4aFQ5TkZHMktPWlJRb3luRUpaM2QzRkowRVVHMFhVVTV4SDFoTmZlcW9hUDJhVTdmQkZQdkJuSEx6NkpabjBrYi1QeDhmUlhwU09YS2t4aE0xazR2WUVoT2wzRWRjbUxkckVxeGNVc2k2LUlIZW9qUWhEck8wWWp0T3A4MkcyNGs0SmJKVnk3eW1jMEtFR0o0NU9GRmZmNzB2T1Fsa09xV1VHT3FEUVNQSmVkVWNDY2x2?oc=5 | https://news.google.com/articles/CBMiswFBVV95cUxQU2RZMGZsZ01aOVhWd1RZRENMMmlZV3ZfckVQMXQzY2pYd0ZzT2FlcUJYbUlNSFdNMEZaa24taTgwOEZrUS1FT1VMRmlvTW9lLVJHalRyRmd1OEhTMmozelhWTzY4eVhPcm1Id2pYRG1zMkoyM1hqVVRCVnJpd1c5TGdWRkNHdGdvN2pVY3JxZndYVkxjb2dsQ09VQzVPNFpJUG0zWF9RTWNiaXpESVB1TDNmbw?oc=5 | https://news.google.com/articles/CBMiswFBVV95cUxPVWluYTViZ0JTWHBtaFZ6Vk9sX1pOWlV5UEJMQi1vc2dTYkc1cW9UcmZnQ3RBX05TMDRjTzhvVzBRaVJSOUpEVHBQT08zXzc2THpCOHM4bUE3MEhZTV9XVGxBVHp4bDRNUl9lZklHNGJmUnItSDV6clllU0Y2eUsyb1BfUElFTnA5UmI3RGM1OFlmOWV2bzRUV010aHNveW5jZXQtME5LRnVzaU93b1FUNUtISQ?oc=5,Potential Beneficiary
ANGELONE,3,-0.041833333333333333,5.0920000000000005,"banking_credit, manufacturing_pli",https://news.google.com/articles/CBMi0gFBVV95cUxNdGx1UklhdWE1Skdrd3laVzAxLUVMbWpxaVQybkFsYk5qUzhpMUtpLVhXOHU5MEEzdGdCWXF5QnZHR1VmTl9kbFVmbFpzNThMRERhQi1rdExnMU5xOFg1RlNlUy1jTi1GSVV1Yi1jRUZkZ3dlVW9aSzUxTlpsX0dyd3VsY1JpOXpFeGJWYWlUWFlXcVVTM21ZZkFKNmlGUE5KcHNlQjBRNUhGcXBfVkJqZ21OLWtkM2tjazc3bkZjRnZROGh4T1VyS0p2MGxNbGR4dlE?oc=5 | https://news.google.com/articles/CBMi1wFBVV95cUxNUnY4djVQc0E1TFFQWWZoVDRIOWM3SVFjR1plcWNUb1h0S1JoMHB2dHpIcDQyTmJraXJvRDNvNDRJZW44a2pBOE9zY214MHdnc2tlaGMySl84YWlxOFhZdzFpUFlEZDBjeUVSVWNlVUhuZVBRSVhQMkJ0TFNFdnhMV19fSmpMUmRsZ1FVSVlhTVZSczZaVTJrVU9RNU9PMW01RUZvVEpuRmxsT3h0UGxrSXgyeW9aVUdDMXFObVNmQUdnN2VHUzBxTWtKM3puYXpUWVNZTmdiRdIB3AFBVV95cUxOOEpGcm85TlFsTmItNnExZG1COThNZFRnQmhmS0hLelpralZVTHZnUDhUYW9qbGZaU0w0YlNqLTd6bHl5aEw5Y0lHNVVzLUFkdWRhRVlTR1VSOWF1VElHWG4wWi04b3dnRThVTmJ1Qng4SFVQNjBLZnAwczFGQmgtZlNCdC1Qby12TWUzUVgwUk1QbFNzQjUwUkNYNGJSYTZCZHdnMGIxZFFqWHpEZm90dWhLbThDOWlYbnNpT200RHNJSFEwcmtMVGljXzEzY09xN3hFOG9SLWRQQVA1?oc=5 | https://news.google.com/articles/CBMioAFBVV95cUxQRUZMSXZJZG54c2VYU1ZDSEZnNHVuUkNvZm1yLUZUYlk0WF9GRGt3b25wMlBsZ1VzcjZxLTZWV2lRX1pkSjhtU0lTc1ZWWVA5TDBzcFQ1VU9ZcE9rc2VfYTRNbVJ3LWtQZzVUYWhEVm1FVmNkLWptc3N0aFg5V2JkZ1FOdVFadXZCQnkxajBsdmp1d1NaNjFHNWRnRGNYUnZ0?oc=5,Potential Beneficiary
ABSLAMC,2,0.5022500000000001,5.009,"capex_infra, healthcare_pharma",https://news.google.com/articles/CBMi_wFBVV95cUxPaV9hR2Y4QzNIUGdWa2t3OUF3eUVacThaR3F0LXg5eDVjYmxGZnRnNDMyMFp0Q0hNNnd2RDFGVGpVQUZNemgxR1cxYWxmQ2RnSGFWRUZnV0tubTFjZE83dTdVZTJLS0hxLWE5LVZtNHEtQ2FXYUM0VmhRLTk5M3RHUnJLWTI3NzFCTDljNEZNWjdwWVNxYTl0bi1DbGtkOE1HRDF0RlJLUlhoQXZJX2JDczRDSjY3ZHVIN0dqUUhpNVhhZ0ZidGlITzBlaHhlVG05RThKUlRremhJQ01OZjJMLXdpTXg3czNkeVd1aUx2MTFweGNPX3lmejNDLVBiVzg?oc=5 | https://news.google.com/articles/CBMi2gFBVV95cUxNY2ZFdlhrTEtld2RLek51M1dvZkZHcDI5cnNGSUN2bWt6ZXdnbFA1MU9fN3ZPMW12YjVrVW9SbUlpU3kzVkV0blFTX0oxa3lEdEw4WVZYcGdIUFFuWnh2ejNXeUwtbzVTRy0wSUtHRU5Zd0t6NUdxSWplX2M1bkVYOVRzdUZvc1JRLUtxLVdIdFhhYXJIWVl6TU9Ndk9aeVFkNWtNbU9jSm1lMllSd1R3ejltVTNNYk83LUhkcWM3NllrUTEwNHJibGJra0gxM1dnTDdyRnpEQ0Vld9IB4AFBVV95cUxQaExTb1R2MmozcG9UTzhFXzhRclhLdnJsRDM5dDdCZnVEU29mNmh6Y0NET1ZuQm1iZTRFMXpmbkhxN3Y4djR1NjBEcXFnRm14NmlaeW1GR09IUjdqVy1aNjRFVzN1NS0tejZzbXBraHcwakZpZUxraS1hNVYyZlVsaXd5N3I3ZnBsX0N6YjZ0NnpQUFZKVkkxbE5VQVU3X0h4R2ozTE1yQVpJNHVmQWRva2l3YXJQbF9OcTZRT2xOdU5QU1RScUZBbURnczN5eEs0cU1nY3ZiZ2czdHM3UDYtQw?oc=5,Potential Beneficiary
AJAXENGG,2,-0.011999999999999997,4.9046,"capex_infra, energy_transition, manufacturing_pli",https://news.google.com/articles/CBMi8wFBVV95cUxQSHlhTGJpTUdYcUJ0aW5wZ2NSQWw5djZLOVgwVVpKTV96T0RHNHQtSFcyOENNN1Jpb0VnTm12XzhFS3JUNmk4Yk56Yl9IU3NGZXdEQms5RGt1aHlIS1NWZEFHTjRuQ2p5ajhXcjVSNVdXNGxhZGtKMy13SWNzT005WkxZQzNQTHU3aFFmTWM2VjBpMUcyVVpnc3pNbGhMWUloZXJydXQyZlhMS2p2dHpkeUhDSG52aVZZNjNndzVZTVRoeFpqMjlTbDlESnhGRmF2SjVlakRGNTdjTjQ4cEJvOGlGLVBfTjJLX3Z4Z2M3Q0pZa1E?oc=5 | https://news.google.com/articles/CBMijgFBVV95cUxPdmRfMk9tRlVIT1E2eU1XRXVMbVV5eGVPSGdMS3NRWV9NMVhLTkhXSnFQaFY1WHdMVUlyQm5tNnlKU1djN2k5NE54QzE1YkF2ZTVNMXpscElJdnYzUm90ZXVTRUpoc1pMN2l0dndjb3JHUGs3WU8xZTEyZEo1V0FFamJZbm9SU1lKbmhvaWt3?oc=5,Potential Beneficiary
ANUHPHR,3,-0.1665,4.5,healthcare_pharma,https://news.google.com/articles/CBMi5wFBVV95cUxOb24zN3p1TXUwNm4xVXFmSmNodFJCbGE1a0pHWkZIN1pYelRSVnpjbWN2QUU5SndTZUNnNGtpaUR4c1o4US1Mb1ZGS1pXNWlwVjRfV01RbS1iNHNHMkF5YVFaNXBmUmZGSEJZakRUdVZHX2lROEhwZU5laWNJWDh2bEt6UGMtRWZNSHlneXZPR0cweWV0bDFybVNEY2ZQUF83X0VubXVhSVFIV3dtMlo3SGN1XzVsVm5EbzFmNFFvamV3bU1KbEFTc3p5ZFdHSUdwcUhMWVIxbUxFWXNQZjJNZGR5QWw2MU0?oc=5 | https://news.google.com/articles/CBMi1wFBVV95cUxPSXpXZXU1NGV0RmV1Ul9ncV9IbTJ4RFB3QkRmRjN4UmtZc3dkTzJ1UUozR2hLZGJlcElBMDVOQUVWVTh4eWxsU2NLVGZQMHRNLVZueVR3N0hobzFmTmhxLXFISnFOa1hqTDBCSF9ROHJ3ekFKbi1PVkxzUHl0NGE4Szg2Q255NTZSYTFDMHJmRzJxVFJyTUQxNGhhQmdhaWowSUg1SXUwdllKXzBNc2hmUF9Ld21LYTZ3NHJkdUo4YU9IWGZBU0lDLTRabXR5RmRJaGRzRUhnVQ?oc=5 | https://news.google.com/articles/CBMiwgFBVV95cUxQbHRtdHFYMVl0c3VDODZnOWVIdHRnMGJ3cFJvRmNPYWZiSmFuS3dSc3ZPZDIxR1AxT2lrd0gzeWRwcENhek1hUzgyRVNkeUhLbGsyYW9ZajRybVVBMWtZU1JxcHBFVUIySEtGQlRzNXAzQTh0OTdnajRiY2N5TjJKWVdKbVRnZ3Rwdi1jOWlYNmI5NXZ2Y1lUQUExLW9sMkNkWDZndnlhZXg2RERjZHVnREU0Qi11M2lhRlBOb2xZdGx4dw?oc=5,Potential Beneficiary
ASIANTILES,3,-0.2019,4.5,"capex_infra, energy_transition",https://news.google.com/articles/CBMi2AFBVV95cUxPWGliM0pKNndEaEJzcWFRVVZYcF9pTzNhUFFrNlRpZXI2S3MyeTk0ZGs5N19zLUdrRGR1NmlvelF2WGYzS0gwZU44NVBfb2ZrS3NNQ1FyaURPcjhneFNpcUVwMklYOU5oUElyNkVBeVF4c1JkekpOcGdUczJTZzZJcEEzZUdmV2Nuem1RSi02Q1FTRHJZWFU2M01CUHgxLWxpazEwaFdwYnREWGRsNThPZXJnOTNUTFZkYmlNX3RpVUpsTUVKMndnNTRSXy1UUFhaaUl2Yl9BR2c?oc=5 | https://news.google.com/articles/CBMi_wFBVV95cUxOWTFEbG9XdGJfN3hicjBkYm1tMXNQd0h1RzFOUEdET19HVEVIbDkyR3lGUlRsN1Y5a0t6aE5OOHI3bUFGYnQycGdRWDlqZnh6M2ZHWTFKYl9BRTZqN1FvOHJKTVUzQ2RRTlB5SFE2TWRQT2Jid0oyekNnTm9Cb1ZIU29FNHJqcjdiakhjbWNvVnMxenpBS2VyRFdNOElpWUFweDFFSTFmMXdWdWo4UUtJc25FXzlmeklSbUEwQzlDeDVFNlJQNEFGcFdnRXhCbGZtZ0Y2czQzZTNHNWFEYXBFMGFNVVp6ZjUwZXBMME9ieVBEdHp6eXdmcVJ3LWswbFE?oc=5 | https://news.google.com/articles/CBMi0AFBVV95cUxOZ29FUDhIUG8wRFdla3FRM3VtNmZvMTVnRnpkZTd5S2Q0MUdjeU8tSjFwekZfSWZxQkVrbEJ1bWhGeFctZFNYemJVemdXUVZLWkxHajViXy1nNEtjdGFveWFlV0c5YlBJSWZ2cTNDMlNqUERDamM1THhvUU1DNXRWOFFnZ0lJUlVORko4QmkzUUlsSmhIWTRGNl9lczMyV01waFFMei13MjIycnh0ZHFZMFJqN1NxaGNBY0Q3MHZ3QVdoUkVQSXpuUjNwcjM3RmRj?oc=5,Potential Beneficiary
AVG,2,0.0,4.5,"capex_infra, energy_transition",https://news.google.com/articles/CBMimAFBVV95cUxOc3F0THljRkdpRUFidl93YWZQd1p6VllWRDBrejFfT2Z6dmd4ZExTQUJHTHFRWWt0bVhFNHNDZ1BXdTllODhQNDVjTlZlUEZqbGpIUWlBMmhYNkNTYV9MS3d6LVhDdlkxQWRERE00RnpVWEhXUG4xWmlJUlMxVlQ4NUxsajVKTGtybDB0VkpsT2tuWDhLcEFVSA?oc=5 | https://news.google.com/articles/CBMiogFBVV95cUxNeVBqTHZ0d0hMT1ZDRU1MTFc2T2p6bi0ybUxBWEdzUzBZVXFmbFB1clZKTTNHcHpSS004OXdRc1lZWnBjOWtGT0cyYXZsRnVoZ3lUZWx3ZDB0N1o4cVh4dV8tLUFrUVYyNjNLVlJVNW1DbjhXa2xhc0k2cmpLZ0NIS1VPUTg2ZFFJNGVKZEZhTVFXTzZUYnZ5eF9TZEVFemxOVVHSAacBQVVfeXFMUDVzQzUtcnZ4Q1JDXzFLMDF2VTZQcjRzblZiZEpyOGZGZUJiMUZLMW1Fejh1d3ljeHVKeHdRT3FRZWN4R3JkTnRpSTN3SlZmR1JGTFpsaW9LcERCazU1UnJJbjlMcHhJOG1ucjRMVm9aOUdzMVhibmh3Y3BPNVVKN1V0cHZnbWJWM18ycXVaeDYwR0p5UWdBY0pHQnByMmc5MkhIOWlGZTQ?oc=5,Potential Beneficiary
AMANTA,2,-0.11315,4.5,"energy_transition, healthcare_pharma",https://news.google.com/articles/CBMixwFBVV95cUxPRWtHYTRVMHk3SzBRRk5ZVTZDa2c5WEkwc1BscVNsQzVobHhad3BxM294QUJwREtlQTAza01CZ3FpQWxKMklzSE5mTVgwZ3F0MG1WbUNKbHNpLWItZzRVMHQ0NzAtcER5dlJGZ3lUQ19OMmRqb0lYUFJfNHY4bVBGMTZsT0hqdTMxYVpDN293a2Zza2lqNUdRbWJIejJsV3h3QU9MSlpSdndaRzZZZUZIcFROVW9LUWdmVXY2OHJiblM3eG1jZlU0?oc=5 | https://news.google.com/articles/CBMi1gFBVV95cUxOZE5jTGF5Ymc3QnItQkxnbElOYkZCTDJzRmM2b2pEd2pVbWRndXM2RWFsZXp3dXR6eGpXRUw2Ny1tR3JPN0NJLUUxcTFqVGFITDNLczBiRll6ZmJmUlIzYm9DWHBxRHVSR0RzeThKTWJQbUphNmFoaHBNZzg2V3lkOExNSGhoVnpzMmY1U1Zycm4zMmtOTGd5Z2xBaHFCTl9yMzQ5SXRVQ19YX3R6OEZSLUdIY2xrX01fVmlzdlZ3c3pweF94aFNxUlh5amdOR3lMSHVqMjV3?oc=5,Potential Beneficiary
ACI,2,-0.23835,4.5,"capex_infra, energy_transition",https://news.google.com/articles/CBMi5AFBVV95cUxPTzNQdktweGVISVpmS2Z5R09LenI1RFpJVkdUbC1mLTRfQUxGVXVRbkd4T0w3V1M2VzRYbjlxaWN2anpkbnpud3ZlTm02clBFQ3hwNzNxckJTMXNzR01TMEtZLVQxb3lPY0xJUTVZM1BnNTIzXy1vX183ckE1amVyZFBNRVA3ODBGOTlnR2VOdHhqNlBUS29BdWJfZWMteGtpR0N6YTc2ZE13cEVHZ0h1emJoRkxvVW5wRXNJNTFIUUxOSXhoeW1xSDVHN3lrUHB5SkZFWEFIRVlfNmkyVkY2S0NMelI?oc=5 | https://news.google.com/articles/CBMi7AFBVV95cUxOUUtDME41NGVTWnNoUHltQWdyRGlMaDctcExlZ0QzSVdYYjg4QVdBUzVnek5qNVI1d0FlbXUyb0hLamdWUFBzWUNwbW9Fb1Fhc01uVWxnaVVfRTdwNWlXT3lFVGUySnpyVFNQa2ctYWtNR242aDJMS0NlaGhDZm1IQlBOcmpmYm9XSnkzMWZUTnV5eGRJOW02aExJTjhCc2Q2YzdyLVZFZjZEc2ZlcFFidUFPOTBzS1JPMFI2VlMwc1lCT1Y4ODZaem40NG9Kdmtybl8waDJaXy05TE9WOThqMzV0Y3p2UlVpUC00RA?oc=5,Potential Beneficiary
AAREYDRUGS,1,0.0,4.5,"capex_infra, energy_transition, healthcare_pharma",https://news.google.com/articles/CBMixgFBVV95cUxPUUlmbjFVREtfbzF3OU02OXI5WlZOM0I2eExPaXItM3kzN2EzN05hWVZtMTZkLWwwZ2J5TFNzaDhTaGkwajR6MHZ3Qjh3OGJJWXBsVEg3NkstMVI3emQ5bThnM2dqRE83SXBQNkZYS0lsVmZVSjFNQ2tRYkFES3RMVDQwUWstM002dmN2VGJNQVFNUmc1QTlsVXFTTWVrYWtFTUhNWnNYLWx4Z1JMRGMtLTIteHBNTEtCaXhBbTdFVm56b3pfRUE?oc=5,Watch
AWFIS,2,0.34175,4.4702,"capex_infra, energy_transition",https://news.google.com/articles/CBMihgJBVV95cUxOd21ZeWw5UTc4RlZWMGR1dTRKNnlPcnNDdl8tUkx2SWhYei05Vm9PWUVWREVqVU9NOTR3T3JreER2cktDTlF4Q2JXNE5tT0wwcmpJZ3hreHN5clZ1NkswZEgwUVU5SjJFc2hWYURrTWx2V2otYi1KT1RNSUM4NmprSGZXeFdYcFIyczdqRVVZVmY2VTNSa0JhczdPaF9VdWNTdXVVMGJ5amtQOFZJVC12QVEtM0E2dXd3cV9ZeE5NcFE1NTlaYVBfY1N3NTBVVG5lUjlUdVNlemEyS3hkQ2dwNHhBaWgxLV93TTI1MFBQRV94ZVZycjVMTHdaQXl0RlNMMnNRVHNn?oc=5 | https://news.google.com/articles/CBMizAFBVV95cUxOMTdZYzJYWU9lSjVCXzVNV1RoOGRzNDZoT2l6WnF4RWl6U3BqV0hjWVVrQ1pwQW9CSkJ6Smp0U2hueDc0aHJTblQ2eFVBZU0tLXNUdHdGbXYyZ0R6TEcyZW5MS2cwWDMwQ1pKSWEyYkxWZU44VnBNT2RhTmlSUVVWaUZJVTN5Rkl1RmF2d1NzRXh6a1RkMlNna2JkUWdaa09IbmdpYWZjcWEwR0FmbndLQ2d2VFFVc0ZaYUVDd1YxZEpQclgxc2g2akFDTmLSAcwBQVVfeXFMTjE3WWMyWFlPZUo1Ql81TVdUaDhkczQ2aE9pelpxeEVpelNwaldIY1lVa0NacEFvQkpCekpqdFNobng3NGhyU25UNnhVQWVNLS1zVHR3Rm12MmdEekxHMmVuTEtnMFgzMENaSklhMmJMVmVOOFZwTU9kYU5pUlFVVmlGSVUzeUZJdUZhdndTc0V4emtUZDJTZ2tiZFFnWmtPSG5naWFmY3FhMEdBZm53S0NndlRRVXNGWmFFQ3dWMWRKUHJYMXNoNmpBQ05i?oc=5,Potential Beneficiary
ADANIPOWER,2,0.3592,4.4368,"defence, manufacturing_pli",https://news.google.com/articles/CBMilwFBVV95cUxObU1td0xTUWRrOHZxc3NXWjdWSTdBeFg0VjhRVjdjMS14QVRuOXllMmd1YTA4M1lFRGk1eGY5RFVIcFVTM3ZJakdIQ1RITC1iRlVZc1ktTE1MUG9rb2MtdzZnVzhRR3p1SXBhSVdESFpCQzFHLVNkdnpSNEpBWUZ0MGUzSXNuN2dQbDZucWR3WUpBX1JQUEZj?oc=5 | https://news.google.com/articles/CBMizgFBVV95cUxPNlFBRm9JLTlZOHZoT2dGcWtEX1owR1JRX0w3RDhmYktadUtPR3Bvend1SlpUMnhFVmVBOHRhZ0x0ZVRrakVlRi1HUUN2REhDR2hzR3p5bEgxQUNBOFh5YVUxclhUVnBuZ0Z0RE9qVTl2V0ZYbF9WWXQwWVI5RXJ2dXY1TUw5eTZZUnRpa2dveVE5YUIxeEFPTnhhb2lheTlNRFByQk8zTW91YWRxcU1IdW4xMHBGYkNRa0ZOdDVRMnZhbVhablEyaU10UkNEUQ?oc=5,Potential Beneficiary
ARE&M,2,0.3452,4.3808,"energy_transition, manufacturing_pli",https://news.google.com/articles/CBMi1wFBVV95cUxPdXUxUzRHWjNmZ2hVZnVJRXdUdEo1LXpqbVN5Zkl4SUpfdXhSdWdLc1M2VU5uUEVwSVFRZnZmY2JVenNhSlB6SjV6aVdKYWRWOFpQbmRCbmd3cnlMSzdxdnk2Vkh3UFlPT0c0NU5ieElfbHVwTElnUlM4VjBtWk9jb0lrQllsU1hnemdCMUJNNmYtNi1OenFEdXdkRi0zZ1VGR1haTzVYeW9lcEJ1S2pqWlRVb3Axc203aWQ4NS1LTmxPdmxlR2pJVVBKTEVhMkQyeEVGaG53QQ?oc=5 | https://news.google.com/articles/CBMipAFBVV95cUxPR0JHUUZVTUNWQzdDOWRxSU5IaE1ueWEtM1JoTUZJOVdkeVVsNFlmN0tVZ1hTZVhIeVRycDBZNXRoRi14MEFGTUNPNnFtZVdoei01Ykt4M1J5M2R1NmE1SHVfTmFNZ3hnZzc3Z0ZsMFFZU2hMbk9adE9sVmNGU1lLS2ZWU1BkZlE0bHFiQjlMNDZ4VVFINWZFUk1HNWVKdWxWeUoxeg?oc=5,Potential Beneficiary
AARTIIND,2,0.31845,4.2738,capex_infra,https://news.google.com/articles/CBMimwFBVV95cUxQa2RjNlJmamVJNGtpXzEybHZIY0gzci1fVXFqcmRxVTRpYXpsTE1kQWpDUFRDaVlxSTg5RElYdWFfVlE4cVpCSzVBX1Uwc3VPWEk0d3BQVGNkWDBDWW50SGdyS1VzUFRRS2ktY1ducW5LbXYwa0dQVWlNMnlEOHlad3l1cHVlMkV4NDg0Q3BBZ1k2Tk5Ra2ZDNWtmRQ?oc=5 | https://news.google.com/articles/CBMi6gFBVV95cUxNdElvM3pxbDlNckZaVEctaFRVdVRzSkRJMWw0aHJQc2hER1ZWaGVVcGpvS2stT2xLdHRheWhLa0RldF9mck9VT05LVFpReTNGbHNDMTd6SExlVkhnVlpTcURqYWhmN2pqS0k2enYwRkRISXJ3bVAwUHhlUzVKOWszME5vX3d5NXJYSjV6SVAyNjF4OUpTSXZzd3lKRzlNY0NlMkxnZ21nQkpjY2t6UjAxZW5PcnNRNHJjeTZ1c2NBSnAzNVIzb0xXc1NCU0t4T3FiWjlaV2VnWFNwVDRWYU5WZUtWZy1XamwyT2fSAfABQVVfeXFMTS1vTkhJNDBIY2JVNnJFWG5iODFzd2ZUUEdoUUdxMzJSLUF4TFVaMHl3aHR5bUNTcHo0UXJ6RUY0Q0JZNUl0ZmdmS2tXU2UwaDVHeUdjOVBFaXI1R0VjTFhzOGlfaVlvMF9BTUI4cERuV2M0c1ppS2dhNVFqcExibjNPaFozLUQxa241QjMxeXU2Ql91LWF2TVRFNklGOFhDTmhVaEdKbHEtOXNoSFlELWkzTlZsM3JadTRrbGQzUkw0M2hkWGVVTlBxc3duVnhCYXRlTXNyVHk4T0tVUWRoQXNoRW95YjNNVzkwbVl2ZEpM?oc=5,Potential Beneficiary
BEL,2,0.1993,4.2498000000000005,energy_transition,https://news.google.com/articles/CBMi3gFBVV95cUxNRVdfWFRjeWwwR2kwclZnd09pZHB0bFZOLVZkelRQck1fYTRIOEJNM1oyTUxfb1NOWDZxelpMRHBMak9GeXJtUHJWY24zU3Q5VDA0aEh2TTY2dGZwTFFlLXp5UlREZHktc3Nid0ZzYTFaQ01KOHR1S1VtT3NVSmQ3Z1VyR3dXRi1JS3lxZ0tzcHlESUFDams5RXNWa0J3Mk1HSm1MMXRObzRrdVk0TDdhcnpnRndEVG80aHJlVDdJWHBvdGFzTFpMYjk2eDRjSW42SllOeXN1WE96bmw2UFE?oc=5 | https://news.google.com/articles/CBMi8AFBVV95cUxPNmtBTlhiT01kd1pKMWZmUWpoaHpwanNrVVY4R21ESFI5Um9scF9jSkMwcUN1ZVZZWXJwcmY2cHpOOTFJZUNRd1dqUk1FRWJXTG9yYzJnR3FXbnlsdzdFTXFTOXRtVktQVExZM2RDcEx4cEJmTUFqTnp4ZnFkN1YxTzlDNzFSUUFUcS1pMVZDQmViOU1sX0hpdG5ibUU1eHlIZXFpQnc4Nnk3bkF2a1J3a3I1eHJ1Q2lQeDN4ckpydW9ZN3hIMUt3ZlZYM0RSdDRJVVNzT3phTXFKOVh2V19ubElsQzNQMExYdXBTdFQxcEI?oc=5,Potential Beneficiary
AIIL,2,0.10534999999999997,4.1438,energy_transition,https://news.google.com/articles/CBMi3wFBVV95cUxPZmRNbmJJdW5vRHBqTzY2VjduWVdaR2JQOTJHN2poWXZjZXFUTF9GVFpHS3RyQ1Y4VjlaMnR0d0MxM3dxdWF0bzZLVldSVmIyQzdweGp6NnE2ZXhLWkpVcVJkcWYxVW52cVRZSmM0RXE4Z0FpS3pLY3BxS0ZsdDV0cE9FZ280dVctNEdxSno5TkpTVGdFcnR3dlI5WHk0UzN5S3NjZDhWTEFlbVlMZi1nam1kSlJIXzB0NHhkNEp5SGJGZnBRczhRcERGcDg1aTdremthWGtkSW83TjEwU0Rn?oc=5 | https://news.google.com/articles/CBMinAFBVV95cUxNcXFILWdEdDRES2k3WTJGMWlDTWxaLTNRWlhDRkxERGdWc3VUNzB5b2s0MFNIeVhKLVI3TGxRNTZ1c3dod2JnSlZtVW1XTDRoUVplZVpOY01HV1NhX2tDNEtTWEFUMjBfbHhnMENWdkt2Vm9rWWhmMHprbWFCWlYtMGJFa18wUnM1TEkwSUllQnlaMDV4ejFxbk1TWXo?oc=5,Potential Beneficiary
APOLLOHOSP,2,0.16555,4.1148,"capex_infra, energy_transition",https://news.google.com/articles/CBMi7wFBVV95cUxPMjE2Q3dwZHFITkdCUm5lSzljT2dZNE1DcXdlS01JYWR6OUo0SFRIOFlqR0ZMN2daRWpJdkloZU5POUxUSDFuQmVFMXU2NjBsWXJvUXprWFhROG9wdVY5M2hmNmNIeWoyaFhsY19nanpHZm9DVE92ZEhKUGJXMnZYQXJzcXpCTUR1WEZDYVRPSTlSYkJZRzN0cC1sTklFOXpsdThBLVpCVldfel9USlBzbHhFVk5xN1Y0cmhuNTFqYml5QkZfMEtsS0E1d29ydGJsZGtEb3E3bUxUUGE0azVGdDVCR2xWcGRzMFQ4TENtMA?oc=5 | https://news.google.com/articles/CBMi4gFBVV95cUxOZjN1VFZqcEZTUlI5eW1fZ3ZFYUhsZEE3SUQ5QjNpbWRJb21qeEtvSlRPb3c3REJ0eDl0RkNmRXFCMHVLR3Z6RVVvMVlNODNvWG1Ub2MxS3lSUUZYZmtVckVCMUZ5dW9weVRiQTZTeHRXdFdQXzJGdF9tZmoyNEl5SlFrVmFSUGpSX3BHN0V4MHpxTGNKbGkxT3p6UGh6c21acHJnYlQ4SmRBU19WcUNtemUxekExNnZIQlA1Y3NxaWl5SERYUlVqaFZ5OXNyc3Zib2hVdkRwY05LRkNlb1hzUDJB?oc=5,Potential Beneficiary
BASF,2,0.23754999999999998,4.0534,agri_rural,https://news.google.com/articles/CBMi8wFBVV95cUxPcEFMLXVNazlZM2JFZWN5VGVDZmhkamN0ajZ1YTBKSGVIb3JySTBRcmp5bzVnMGMzX1dndzUwRzVkdUhRUDl1cjlJY19HUzRIYXlEemplTDlkb1VYa240ZGh2b1Rad0h0aEFwRjdfTFlhS1FCSUd0LU1EbVBpS3UwbVZHODBGWDkyV0hRdUdQajlCa2Vrcm02VFN1N0xCT0lsMzF6YjhsSGV6U3hicUVGbGhaUHB1ZmpQaUF4VDNKYkp6NFFiQ1d3RFlydVhHV3N6VUYteXJOczkweWJBTkVqWGxwTDVDVFRiVGRvcmExZlBjV1E?oc=5 | https://news.google.com/articles/CBMigwFBVV95cUxNNGgzaXZnWm9GNnBoVHRlV3pvZlBPVzk2R01aOUh3SjNhcmFwR3dJajZTc2QzakFPQ1pUYWlfTnhOSFdVTFJJd2tUS2hfZUNRbHB1WXdsS3hBUExoNmpreGxnZTFpTDhzalpqekVJOTh2X0NuZmNyWFdZVVRSYzdleEpObw?oc=5,Potential Beneficiary
AEGISLOG,2,0.039599999999999996,3.8808,"capex_infra, energy_transition",https://news.google.com/articles/CBMizgFBVV95cUxPLTE3eHl3WlVpbUdxamRlMmw2ODJHc0Ewc3NjUXN4cS1wM1V4TVA0WllFU1hOR0l1YURJTE5hSzBnUjc1Z1hQQUpKV1ZyNThybDZMREJqaC03X3B5VFFpUzgwZ05KbkdqbDR0c0dOZ3l0U2t0WW1MbzRVaHdjc2NYWlc0c1Z2QWtybzJoUGhONGdhMXRfOHU5aG04Um1LQ3l3LWdOM2dZNkFZUC1WeGlFOHc4Q0gzcTI2ejA1WXoyaWpQY1V3U3F6RnlsSUd6QQ?oc=5 | https://news.google.com/articles/CBMi-gFBVV95cUxOcUhuWDdRb1Y1Z294OHB1TGNNbUp3anRLbUdxd0FFQktWZzZXa1hYaDZ0T19kLWxad3Z3REFaTk1xdEpPb3hJc0N3TDVTNHdRYkd6YXVpRFIyaEV3LWlEaXJSalRGRURXVnZSanhkVXRnR202MElSMmljM2RxX2k4d2hEWEV2YVpSLXhHU01aSk5lSmRIX3R6NE5Pb2Jfam5ZUzBQczRfWE5vSmw2RHdhdUgwYUltb0ZVZE4xb3prOEplYTMxaDdGUWZLWHJOTWttVlJXVExMTTVlaHdGYjNCNnBVa1NNY004Y3E4MEVENVQ1VXk3bnJFZEJB?oc=5,Watch
AMBUJACEM,2,-0.06574999999999998,3.8808,energy_transition,https://news.google.com/articles/CBMi3gFBVV95cUxNdTZ2TTRVQ3JDZndybXJLblNaR3BzOFVJNnJlTkZ0U214M05JNWY5VWZkb2NjMDY1VC1HMC1JOFhVaXVOM3FObWtDamMzZzViSGllcVdnaF9kNnJiQVhUaHZvbjloRXhGcGtrMEFqS0kxR2EyMFVyNFRiSFl3M3R5eW1qLVpEekxCSnllTEZldURnMV95QXpqMVVtbFRjVGNYY3M4dDljTGFBR0xXN0lacVBoZ092cFZxYjNHenNwSEVyZHhCVmwwTWRqdG43UHhtTGlBd0xpU0FHcnVpQnc?oc=5 | https://news.google.com/articles/CBMi2wFBVV95cUxPd0JDVmNkcUZnSmpmWXFKelpsUjRyOFRwQl9PZWcyQUthT2toanhwUGlwaTJlRmVCbks0d3VMS3hjME1pTzFGd2ZYQjB0QnAwUS12MlFEWGEzd2VWbGdRRFVibkVfcWdOSG0xVUUzcFcwY1d5MFBScW5ZZlE2YVBCYkc2NzN1bTNYV3h5VkJKNlV0LXBlMldwMGZ5Mno3YllFV2tBU1JXSzE4Ri16RGJXYmcxcmVXRHRKa2JrX1J5V1VQWDlHZ2Z6RS1WaXQ2bVE3dGM5bmVkUTc5aDQ?oc=5,Watch
BBOX,1,0.3818,3.7636,"capex_infra, energy_transition",https://news.google.com/articles/CBMirwFBVV95cUxQLTVUWmV3NXNoUU9hNDN3b25OQzRreERVQTM0RElESHJMNXdRZjhSYTRTeFVacmlFZW1qUWJ6NHVXNGd1elBySzBWRFQ5ZTZsbmFuZHNwdE9oR0habzFnUnh0Ui13U2N2YzBjZHdPcFhpUXF2QVA3X2ktcVdLbFBzVmJuMWJTZHRkNGpUZVZra3RXUXFYWmt0TVhpbnZ2bjJMc29fZHlDeFZVSmN3WEw0?oc=5,Watch
ABINFRA,2,0.1366,3.5464,capex_infra,https://news.google.com/articles/CBMi3gFBVV95cUxOeGVzV2tIbzZBV3VRWjg0YU54YzFTRk5tMWdQOUprTERreUdEOEllOUxtYmczM3N6VEZ4V0pDajk0SWNBRXJ4eWdvNVhZSDZBZ3Z2VWU0M3NJb1B4QWFkR29hRTYwUVE3d01MVWhLdjhpUzd1dHRONXNNaXpSelFxVnFlUFhGVVo4bERKWVNGdWlZRWMwaE5XU1BQMmttNEJSWlBjbU56YU5NaGpWSk55M2EtbjVBcS1SanFXQ1pfcFZXRjdudXM5dDN0cW5LZTRabV9EbmJRYVJKdmFRZ1E?oc=5 | https://news.google.com/articles/CBMi5wFBVV95cUxPT19fdExLYld5TlNuQ1JSRmpTUmthbGZfSnB3UVRiMkU0RmFFRk9iQlNZX3NtS2FEYlJzcVlJeXkxMUgtWlVtYnpQZHUzNHFMOU1pQjBvdFNaNS1Bdm9OSTNnQUw0bng4dzJ5eHJZdUw5bzVVS3djc2RVV0ZocDl4emdBRTJQOVJoTWtGeEltTmo0LThIMW94MTNnZURtRF9ZYVpnVmVLTmJ2UTdSQ04zWFZXOHVvZnJoVkhlS2ctYUswUXh2d0pTMWpuLW1UbE1OUnhnZ1BlN2V1bUdnY3REeG5VZ0tWZjg?oc=5,Watch
BANKBARODA,2,0.1366,3.5464,"banking_credit, healthcare_pharma",https://news.google.com/articles/CBMi1wFBVV95cUxNWVk0UExOYnJyZEJramNQMXhvaWxCZmM3dnhJN3JkTGJMQTcxRnZuMFlBQTJ5QkVldm03S1ZVaGlSNWFlMkJyNnNtY2xLdklOQ2wxZHlUbTYzeHM2cXlXQ1lBcHZvS3lMMEZmWmQ1dWIzM3d6QUZTQnNEcnJBWU15eElZX3YzeG1icW1SOVhUXzJRdFhzV2Fpd3U1c2ZscE5ETVlPald5R1M0ZW1md3ZaUjBTSjlOQW9TUlAwejJSOFFxTmRaYUF0aXlIR2t6R1ljdW5Gci1Lb9IB5AFBVV95cUxQME1JWXlrZDA5VTJsc2ZKWFYyTEQtWXlLUlctVVZkdDBYQThQSm56Z3B6QkZVdjA3ZjNsc1gzakRKaG1nVlJWVV9uWWNUODliZ1NqZWU4ZXVNQUFzb2xnSkoxVEw4ekJEeGNEMVBzUHkxei1oLUk0UlQ1RnhKZW1TVVlNdUNpdDc0MlBIa1BobGJSSUhHcHhDbG1VUTFtT2dqeHJMMm13WFRQWU1PdE43SGxNMHR6a05hNjY4dkhqRWVFUjJHandybVA0bTVUMEtEazRWZnJPQlZXaHBNNlQ3RmFTdnY?oc=5 | https://news.google.com/articles/CBMiuAJBVV95cUxQekJKVFVnamczMjdYX2pRaWRQX0phenlWZERnem44UDJVeTNHczBOUmMtQzlVbkRBYmZhVEo3a3JZT2RFNTREcEVhUHY4TkZxU2g4RmotbWNQZnVQSEE0R3h2dEVFeXo5UlpUYTdQWXhSSVJSc2dLelpkVU42aGk4dHpXQktZbWdrT2hhZ2lvRldabzBueE1pNVFmdXZSejF1SUNEdUVzM0ZReGJFekdEX1ZJeTJjTktPVlVGRWZybWEtU0NvNjRwekNUcHluXzg2ekkzVE9maklzVzZraFI2bGZucy1rdENuTGs0c3pwZEhvN01lSzF6VzlvOXNWXzBnaThEeG5Pb2J2NnVCemNvN05maHlwOUdKdXFsLU0zdGhNZUhXTEVhd19LY01IdlJhenh1eFNDaVDSAb4CQVVfeXFMT0NPS0JkNWxzdmVoQ2gzX3ZTaGhaLWlVZFZQdDlfTGIya1Izd2F1NU9vWWpvRXZmZDlXVkE5TWFOUUJJQTBST29KUXN6Ti1RQXlrMGFTbEUyVzVFMklSdjJWeU8weThCTUVaUWl2aUtBRmVXdXluN01UUjV6Q0RJN2tWOGJnMEwtZm1RUTJud2o2OFBLSVhvX1JGdlVwZno3SHRHQ1NqT0JVRzdtTVFsNnVZd3N6VzJKdEUyN0UzT1NtaTNkQ2JrYWk4bkl6UVFKc3Z0TEc3cjZkM3pmUDZIY3d1VVF4WUdQVzYwMF9yNVB1alY2OVBHeU96anNlQWd6dlRtWm84OUk2dHlwQ1R2dkNXbXlzRDhLVnBjTEVMVFl2TXhVdTBPSkNJamViYVNJczlIMW9kVlI1ekJWV1N3?oc=5,Watch
ADANIGREEN,2,-0.05429999999999999,3.5464,energy_transition,https://news.google.com/articles/CBMi4gFBVV95cUxOLWdJUkZ1WVFtRjdVOTUzaE42elVYVkp0QUJzQUhucFU5NWJtTHpPYzdZSUJqamF5a0wyblkwMDlfQmVLT2dvTmdkTVFSS1BhVllwZWZZMTQ1LW5DS09xV2kwbzdTWnk2TklQYlo5WjMtcHdzTHVpOWRNb1M4elZpR09rbl9VcDBxbVNQZVFzaWh6cnVfc0ZiX1JHNUkyN2F0Z1paLUhRSkJPN05JYkQwcklVOW5RNEJmSFRwSEFrM0FjNVdUTFBxeTZ4RllHdHdZc0luUEJoNFBjMFhma3R4MGFR?oc=5 | https://news.google.com/articles/CBMiugFBVV95cUxPMnNOVjdybmxGNmIwYUJMb0JSN2FCUV9MMWxjRXFOR0RnM3liUkZBNU1FS2huM3BDVkZFUDhOTVh3STNuU3FXeTZKX2tlZ3VaaUJFX1p1NGN4T3Ntd19ZNFZMT0xpSzY0OXZsbHlJQklCbW9ISEY3TWhzbmU5cFYzbDBsVWthaTNUSVFYaFdJT1ZRZ2NfaUE5emptb0dDbGpsT0RNSkVFRjRBRzBKZUp3QWVkdlNPQUtLMkE?oc=5,Watch
ARENTERP,1,0.1531,3.3062,"capex_infra, energy_transition",https://news.google.com/articles/CBMi1wFBVV95cUxQaEJQRDY5a3BSWHBOTXN2VkpXUGFMOWxoMjA2OGRUXzl3ODRtOTFOVWpmZzNIQ1ZqNnBoOGVSR2htRi1WMERlQjZsYWVKRlRHRWQtb01aZFVZNE9PZG1tSTM2SS1UNEUxb09zR3RVVVcxemNhM1NuOHNHV1V1V2pGYmhwaHFrY1hWR05SWEpuZWFqRXREejNvMDFiRlZMRVh4ZFBtQ2hhM0pvX1NGWnNKSURYVmRIYVdYUy1vQmxnVXNFcUY5RjVSeFRwQXpXR0U5czcxZC13NA?oc=5,Watch
ABCAPITAL,1,0.7906,3.0812,capex_infra,https://news.google.com/articles/CBMisAJBVV95cUxQaGwxa0o3czRUZFhFX3lDZnVtMU54S3MyWWpyR3hva2VqMEo1bmVHQ0psSzN0TFY5RDFzR1dLWEtCWmNaeURCM3dwZUVBMU9pVmp3RXZudVpOQ2NoNXkyc2ZiV01vd1dqTW5vZi1pSXRfQkVJZDVoc1kwblpRYk9JbzBkVDhUejVBSFdEOWhpczI2R2l4eG0zVUctU205Y3pkUDZ4bEdIOFhra1R3OGFacnl3Sk9xdzZBenk2YU9ET2xJZWk0T0NTZnRsS2oxSDJkUVhrVThlbTItZEU3Zi1ENDZLZnZpRUl3UVVMeTNJNHhuZEZnVlBzX2x3TUpadlRsZndubFBVWFh6d0hUSVB3ajYxOUxjaEJ0N2NOb19NWXQ1OGVvR0ZoTWUtQ2JHUjlF0gG2AkFVX3lxTE43cGVSTEU0RUt2cm9tUTNWd3VnWXUxbHlnRmRYVFlLZHVXUjBQTzdlVlB1VEhDNWtqcmZzaUt3QTg2bmFyTU10QVJhUHVxc0RzUnM4WG5EUy11SUd3dzZ2LWlwQktzSm5XbVVNdnB0WFNHU21lWkJZaHdmRy1EUmY0TTN1N3ZJQ3lFQjVGSWxKckpHTE1tMjgxcHhYVTVpYTJ5emFDOVlQX0NhazhkT3hsMEhEOHFrNU9SM0tGY1Ric1JXUnZObkdseWR1WGl1Y0ZDN3Y0ZXpyQlNCcDljZFEzZ18zMEdNMzctTUEtOG5SZnFYb09vcExud3N0ZlJpekVFTlhSaWJneFJROXhLU20wVXJ0c0tDX2IxbVQ1ekttS1p1UmQ2UDJqTjJLTVFpUGFCN3FrbkE?oc=5,Watch
ARKADE,2,0.0,3.0,energy_transition,https://news.google.com/articles/CBMi0gFBVV95cUxOcEkxakJaVGMwUHlDVUtzOXJOM1Qwal85Wm55TnBzY2wxZjY1ZkgwMnBZZTZqaTB3MG9WX1RFNHZocTdoOGdQTEIzMG9nUkJROUloTEdHZTlTUGhzMUlXNnY2UXNLaWJSMXRCeW9Bb3paYmxENjBFSUJJMEp0UWJYRDNsdndCS2Q1WFRQcTVyZnRrNlZUTDdlYzg0OEc5MW0zNThXeWNjWUlMb3BYZlphbm5tYUhyRGNzd2hUb3lpWTNrUUhkSE8yZnVaMHI5OEFjSVE?oc=5 | https://news.google.com/articles/CBMiuAFBVV95cUxOSXlvNXVNSmlRaWZqV1NSZ3UxWm0yR3otT0xVTS1ZLXdnY2NPZE1STFIzNnBsV3g4c01pRk5wUzBleTRCVTMyb1doV3BfaXZ2ZzZOaE1Va3d3ZnBwejI3SUVkZC11VXBZOWNNZnhEa0xsdEx5VU04dWtwMGZFWFVOVEVJek9qUWNWQjBRdDZ5aDF6Vm1HLU01ODN2S2ptcXRwVHdxNGwzSXhRVDl5TENCbnR0b250emlk?oc=5,Watch
BHANDARI,2,0.0,3.0,capex_infra,https://news.google.com/articles/CBMi1AFBVV95cUxQZGh3R3VFVDJ6Y2F5RDF5dXdsNnQwOFpzOUJMNlZvWVoxQnU5Y0JlYXNmNGpzYXhEWDh6b2xUdzJibnFQdmxFM2JWdndidG94NFF3MWtRTW5GeGtHSGx5ZkI4ZWRFTkFBVUwyMXgyTGpnVmNMc0oxT1JWNnpETmlVSzJTZ256bDZSaWdSbzY0WTY5M1EtM2tEaG1YNDhmcXQ0dFRiYmJlYlZJVEdpU3JDN2RqM1V4ZkxOWDJhSUxLZlVBcllzQzVMeXVjeUZucTRvSDJWWA?oc=5 | https://news.google.com/articles/CBMikAFBVV95cUxPQ0lTNUhCQkc2SHhoWEoydjZXMkRsTG5Zd3VzVW1xbGxGM3d6dEo5anhQVl8tS200UWpuck5GOXRHejRjMjhHLUxfZVB0Tl9xVnlrYWl2c3ZwaU5UZWVOVFpMaGxNcFRaMGFxUXc5eERramNkOXgtSXdQZTdrenJSbWhVQUxUUkE2SENGaXdRdWk?oc=5,Watch
3IINFOLTD,2,-0.11315,3.0,"capex_infra, energy_transition",https://news.google.com/articles/CBMi6wFBVV95cUxORjVqOGNLSW42R2pMRXVTUWViTWRtQV9LUjVZU1gyMkRpTnVYbVh4TjB6dTVWekMzX0U2Rjd5cDRERmFXRkN0VEFQSDZvalJZVzVtU2NiLU5GSWdDSFRHWjVCTEV0aW1FYTFCcXpSOFZhcmYwYmpUanpfSW5Hb0hfeGMxaFl6WGMybEp0UHZVczhreWFxMmUyOU9SUW4tXy0tMm5PbGN1X0RzYUN4ZmY4aEZoOUJCdXdIVHg4N0dxQ0N6WVljSzBfZzd0a1BhalpIb19UTFVmMTdTc0ZuVXdnRGlYay04QUp6VXJV?oc=5 | https://news.google.com/articles/CBMi4gFBVV95cUxPZUIwVF9OMXNqUDhyeXYzOVdjMEU4aWVFUUZCcXN0RU4zMHpOd0RQVG1DTkdreG4wQUl4akNFNmd4SWR5TGZKV3ZyRXY4V0NtZFl0ZjV1TUY3QXI3LWxvUWcwMUxkdF9sd3dZdmlqQ1k4LWItNU1uR3ktb2ZTUjhieEpXX2pYTEF2SzdGSmdqMkFjV3lUczVqRnBQMndEcTVvZmJPenNleTJkaDNvT2h4T0NVRWx1eS1zNEgtbWVwVm0zOUhnQlI2ZXJNcEpnSzRvNThfSHhxazJTTGRQT2drMk1R?oc=5,Watch
ATAM,2,-0.35150000000000003,3.0,"capex_infra, manufacturing_pli",https://news.google.com/articles/CBMi4AFBVV95cUxNaGJRTjVwVUUyVnVZNU1iS2p3eWVDRERMdFcxdGo5NXpTbEdKWW5zN1RScjJkQzhPSW5acUlkSFJrZklkNllLSEtpT0JCcEdHS01VajB1bVFRd3JoeFN6cjlzRkp5eVBpOE5adnZfT1I5YUhOeF93N3l3M2JyUUJYNUFqQ3dKTTQ2VWNlQ1NHMFlqb19nRlZoX2FUdXlxVl84aFpERU03NUNzTHFqUjFGZGVPOHViSFhLeUpVRVN0SGd5eGNmNGE0ZFo1TTVlajRSX3hXRllzVzB1SmMyMHZkRg?oc=5 | https://news.google.com/articles/CBMigwFBVV95cUxOeHJIN29kNFJaUVpnODlnM1A0V2swQWk4dXczVXhlTHVZQlNfeGRYUVladFRWMXdBZUJwd3NCSTl6SnNaSzFWXzF6aElVS1pSaFM3TTk2TmZKMlJuQll2ajFfUURFdm5RM3pnOW5OSEdHdW9VWjFXRS12M0IxbDQ4X1R0MA?oc=5,Watch
A2ZINFRA,1,0.0,3.0,"capex_infra, energy_transition",https://news.google.com/articles/CBMi7gFBVV95cUxPaGJZWE5wdHZBX2x2QTdESUNjdDZxTW9nZWxaM3dMaG9jcGRNbE50ZjZuY1BCUUJSV3o1dkhsZmxkNGZESVlKQTNYU1J3blUxaWhtMlFzVDVzcjNEUk52V1FRaVZzOXZSYTVaT04taXNNcHltMml3NVlTY1hLY0Zfa1gyRk5ER0E1YjdLajJBY0RZbXJXTjhPei05dmRPdXlXd1daS3dOekhIMVc5QWNSY3FxRmJrb3lPbkN3UVlDcDVraUZEXzlUdjhpdk9VSG1ONHRLWDlObDJwSUZzS0xpLWZXZDIwcmgzeVFlYkhB?oc=5,Watch
AKSHAR,1,0.0,3.0,"capex_infra, energy_transition",https://news.google.com/articles/CBMi3gFBVV95cUxOSjQxTEJzYl9faVJsM1J0SFJVeG43MnZDZHUxeGlGdl9GUy1zQWtvWE1ucmNpMEZ6c3VIZ09ZeGpCU0xaNkJjVEtFUWZOektLMmVNOGRjMVZHaTZCUGdpWTF6dDQzRW9YYXduM3dxTWxjb3lCc00tNk5tZDJQMnBxY0d1Umtnb2ZzdmV6R0R6YUlGLVJaS1ZrOHVhaWtja1R4ZWxRbDVqWEVmSE03b0JxLVhPb2JpbFRJTFdmTElDQmdVVzFlR0IzVUFJMVVtbmE0YktMXzNHNGpuM1BmWWc?oc=5,Watch
ASKAUTOLTD,1,0.0,3.0,"energy_transition, manufacturing_pli",https://news.google.com/articles/CBMi3gFBVV95cUxQeGlVT2VGZEJFUkZuaW01dFEyYmh2MW9TNkJKTGNlRlRscVYzRHktMGduWVdoRHZBVmdJWXVRY0FXaFdUV2ZPX1Z0LWRSRlptanEtZDVLV0xSRm1VTENCVTNwRkZEYkpHUmRoMWl2UmYwUTRKdkxzYmk0R3k3dEYzanZOeGpuelFpUFk1RFotS1hrcDhLeWtKdzBNcDVQSjdZcERaYk5rYWFqcnBvbmY4NmJZSE1oT1VWOUxxbGFHV0g5dkU1ZmpoZlpudjE0SkdLUVV1M3pNRXoxeTdfcmfSAeYBQVVfeXFMT1pWSEwwZ1FQNDNBUXZ4VFRNYWFESWEwY1FXLWlZWWhiUXI5ZFYtUUdOMmtpZndobWtrZDdxb0twRFRwOTdEbmhpZk53d3lxVHdxei1KaW1NNEFKejloUVpXenUxOHhwaGFlOER5cHhOS0lTWTROdkFpUHR0TGZpWkRUdUV2aGJQclhvNndkWjlIREp5eTZHUC1OeWl4MklHbjhFT0N3amdaVXRuM05lQ0dkZkRhWVdYdXB5aFN0czFfZmx1cGJkby1ZbUtSVmpUVU9IYTZrX25nT1hZWWZQeUE2Sm1ER0E?oc=5,Watch
AEQUS,1,0.7096,2.9192,capex_infra,https://news.google.com/articles/CBMiqAFBVV95cUxNUzZ1QXgtaWI5VGVYeEwxeXU5UExOVVc3Vm0zZUoxcjE5cWhrTTZHS20xa01OUXl4a2JXeTVrTE1mX1BtS3ZvVFNpSTRrZDVKeUVEZGU2MEVBdmVON1kzRGhaY0NYX3ZBZVBZWVBTUFJWd0xiblRjdDRCaF8tMUZibXdVU3RaQ3BBelUzaEt5aU04R2N4bEE2QWVyRUVBajRlYmNwT0FxVHk?oc=5,Watch
AXISCADES,1,0.6705,2.841,energy_transition,https://news.google.com/articles/CBMi3AFBVV95cUxQR2Y3OGlnVkNHNHc1eTVjdWJ1UHFwaVVKSEFZREx4MUJtVmVMazNFOE1yNWdDNHJLanZNaFZ5a1E5MzV2WS0yY0hJdWJKM2d3WWx0b1NiU1FHNVVYZkhNSGpHUkthOVRPam5ybnJJQlNhWjRKRHNWbXluUmFCeGZsQXpmTTNLR2xvN0kwV2FYSTlxMjZyVldaekVFMk1jU0ZJMDBXdDU0UmFUSGNuRlI1NEU3M2ctXzJFZHZQRUxITEgwVGJqSmx2ajdVb3FMa1RlTHJVWi1nZDJJNkZF0gHjAUFVX3lxTFBMLTQtdFBnaWJOUGkySFNwdjd5U0dWdFJlLUkwVHJEQ0xpT2lkRDJSa0d6a2VMb3R6dFRhTVlpYXJsYmxNVmltOEF4aVFfLVFYUlhhZ2R0YWhSXzVxRHlsNVlFYUZpVlJHX1R1TVhHZ1gwS0M0SjJDa25HQmMwaU81c1VXeW9uY3ZhbzdEcXBHMERCdnp6cmZvY3BVVnNBdVNNWTZ6RnRGcnFVZmZzYUJUUzNBTkZ6Y05rZVg5X3lHckV1NjNPZE1IX280dUNiVmFhbkV0WGdJQXRVY1BIcF83bFpR?oc=5,Watch
BESTAGRO,1,0.6369,2.7738,capex_infra,https://news.google.com/articles/CBMiyAFBVV95cUxNdEQ4Z0tCemFlZm94YXhqWDlTd2N0Q0pLUmdNTURBTG1yM1dFNTBGeXlEY21maGlYaHlaMU9hTGhnZy03ZEItX1ZhYS1xU2NXWjFsaGk1ZzZGbl84d2d0TUdFUUR5Undtb3paRk9VTUNmanVqX2g3NVBMUDB3WGFVV3NWd3RlZUZmcFJ2YlNtY2tmbFFmTHhzaHBUQ2pFVWliUXF5Y1FjSUZSNWJvY3A1a1hFUDFuMDZlQnRCVE9rZGJCWEtvRk12Tg?oc=5,Watch
ACUTAAS,1,0.5994,2.6988000000000003,capex_infra,https://news.google.com/articles/CBMiiwFBVV95cUxNZlVBWDRqMjNodGtkczBXNHhoejlLSXRVcUJldzBBa2htRXkyWUZKUW5wYWswSm9fdXRfVU1GYjdBYWpKNGpoVUJZSkZ5T3VmdlZkVFVrN2VxOTJZMUhYNFN0dEVxZmgxRmprNUVBSnQ3a1ZGZ2NzYi1uMzgyekhqOHpwN29JRWxaa3Nj?oc=5,Watch
ACCELYA,1,0.5574,2.6148,energy_transition,https://news.google.com/articles/CBMi4wFBVV95cUxQWXFQMVJUTGlzMDdGZk9SVVdtb0g2bzZVcVdobHhRTE9NakpKUXZRUFk1aTMzX1UzcHhzeUJNUU5aeUJTRU5oY3V0UEgzdlR0VkpQNnV0S2pzeDdLM0p2LXZmdG16cHpYcHZwcEt1aTZNVEFHRklYOWVZQm95MXdFUWhzVVRYWVJVSkdmTEIySS1COTNtVVI0dEkwbDRveWREVGhkZ3l4Rm1ocUEtTHpFU3NZRGNrVTJZQmhmZzFIWDBEbDNUb054dk83UkFZd2RyZjZMZTBmOTVPQmJvd1RkbE1SYw?oc=5,Watch
BAJFINANCE,1,0.5106,2.5212000000000003,healthcare_pharma,https://news.google.com/articles/CBMi3AFBVV95cUxQeFpnUlJTUjJOX1RoaUJoSkpqOWg4YW5fb0FxLTA1S016QUJWLUJXTWhBa05hcU1IclZtQ05BR25YR0ZCQVlsdWpuY0VDOFczQzlWUHFrSkVOcXhURmZsY2JVSTZGaTYtUmFsWG5wWXU4VzNGN25VS0M1VjZWM2FWNHA3UWhCZ2JUVXQySHBycGtrY1pPOE96Y0lXeG94dGpYbkF4VE5STHB6elBfSlQwYktyVzF0TU8wcWNBXzRwNm5TZXJGY01YaFRxMTcxTVI1Q041ZEdidmY3eGc5?oc=5,Watch
ADANIENSOL,1,0.4215,2.343,capex_infra,https://news.google.com/articles/CBMixAFBVV95cUxOZC16cjg5LXl0SnBiVVJWYnlkS3lCX3FCcWM4eDZkN1hMYkhTNlRzQWtlaGJGcTJXMGRuZEFGeW9hVmhUODVaSHhMZ0JpREllWkFjODVaNG5hWkkxQ2VuTHlGRWx1dDVoTnIwelVMQkVYVzFLSDZiOGJxdGNEbTlCMjRfSFlkT09HRWI0SkR5NTlJaVFyUU9YOTY5bzA0UWhBMnR2OUdjUUwxT2p4SnRqMTZySm1RcUtBVnJ0THNJdFdUVlJz?oc=5,Watch
AFFLE,1,0.3818,2.2636,energy_transition,https://news.google.com/articles/CBMiyAFBVV95cUxOd25QWlJvWm1mQTlGZUJBMkFDejY4M1VXbElvMG5ZTGRVV3ZkOGkxTVhHTVEyTEowTjlVS0pNanpRMmpXekVWQThSeWphazBnRHlWOUI1d2lYeUk1ODFJNHRIanQ5TnZTZDNmYVdZbjZZdnNNRThmRF9oVTJPTTZmMF9aOXJFRUpNbzlfUTZvZzBIYU1JUFZjdTRadEg0SmVfQmNfMy1DMG05M09ITjEtTXdrd2dXWGpvTVJtaFU4RFQ1R3ozY1RPNw?oc=5,Watch
ASALCBR,1,0.3612,2.2224,energy_transition,https://news.google.com/articles/CBMi1wFBVV95cUxNNDFFVnBJc0R1aHBrMVZLdk5PNEJrWi1ZS3dvVGc4NGJfNDhQZnhkeTM2SjNHYjlMbUdZcjE1d1pIcnY4Ri1sWGE1Wk00RGRTTkcyMzdqM21jS3hCQTRlLU90enl2Sk1Kd0p4QXRNcTZrdm1YZnU0dDhBM1Etd1Z2SFpnN3dvLVptd196UE5mYks0cTdCUnhxSTdDSHBsMDIxd25zN1hKbXBFRFc1V2R2NXNvR1ByNDBpVkdvRUZhUjJrNy1UZ21nbHRIRFo0bERfZHdxdjZoRdIB3gFBVV95cUxPSFRoM0puaWplSHJLNzI4M3ZRcjBuR19vUGxiQjEzRXR2Q2o3QWNjdmwzVmR3Mklmc3hCbEh4VWRDQmpsUVBCZVdYMXhObUw1T09mM0hYbmJaZG8zM21qN24xUVJYWVZldTI2RkNTdzh3aEtFV2RFa203ZXFsT0xjREtTNXZLbl8wSk9OUjgxdElLLWtNU0s1SjhSanBqb1BSLW9KOHdZWGxRczVVR0JYbkRHaWR0c3pjWWhJMnROeVVKRlNLeXQtck94TWM2RWEtbXhKU1Bud1dPTE56eHc?oc=5,Watch
AUTOAXLES,1,0.34,2.18,capex_infra,https://news.google.com/articles/CBMi0wFBVV95cUxQQk9MMVBSX19sMzZtZXB6VUFFX005NnJFcUVsOW8tSS1ocFk3YzBILXVvN0NYcXBDeFBDYjFCY2dVWFFqMkxCRGw0RURobDVfUkhFTXRZUHYtOUdhM0ZEN1I0Qng5OHd4QzBGeHRhZGFpaFBvWmk0NExEZnVmUlNlSkwzR0RkTmFlTjlWQ3pOVmVPU3haSk53T1NNU0tEY1BlbTRJMXFGb2JhMHVHd1RNMGRKQ0xOWWV1S0dUY2h5Qy1kZXpOaU9IVHM5UlBaNl9PTlBN?oc=5,Watch
BFINVEST,1,0.34,2.18,capex_infra,https://news.google.com/articles/CBMi0wFBVV95cUxQQk9MMVBSX19sMzZtZXB6VUFFX005NnJFcUVsOW8tSS1ocFk3YzBILXVvN0NYcXBDeFBDYjFCY2dVWFFqMkxCRGw0RURobDVfUkhFTXRZUHYtOUdhM0ZEN1I0Qng5OHd4QzBGeHRhZGFpaFBvWmk0NExEZnVmUlNlSkwzR0RkTmFlTjlWQ3pOVmVPU3haSk53T1NNU0tEY1BlbTRJMXFGb2JhMHVHd1RNMGRKQ0xOWWV1S0dUY2h5Qy1kZXpOaU9IVHM5UlBaNl9PTlBN?oc=5,Watch
BAJAJCON,1,0.3182,2.1364,energy_transition,https://news.google.com/articles/CBMi4AFBVV95cUxQYklMandkVHl4RUdJZmdhQ0p4amVjZUNrbHd1V0ZuLXN5X09kX3RVX0piMU40LXBvdlBjU29FT0dhaXlBNTI1XzFrblpNM1ZxOXRhc2NCVm1rMmhMMjZ1ZkF4Yk5vcFRpdDM3cHlxRnUtQmlDMkxoM3BQVUtNRldFZS1YT3BmMkhXMEVBS0hVRlpEYWR1ZFBxRElLX2FVV01ySGsyYXBjbnBJTFdFRXJMWjRabnhlSWZJaFg1Z3ZPZEM4SlZtVElwdVhmdnAwdWM3eDd0eDVYb1JGLTJ1V0pUWg?oc=5,Watch
ADANIENT,1,0.296,2.092,capex_infra,https://news.google.com/articles/CBMibEFVX3lxTE0wRV9PT2JKblp2VHRjcGh4NUVma2ZsVk9CUGR6WXI0eUtFeUhUUVJPZm5NdWNpVjZsQjQ2Q21FODNfMmR1dTAtc3dRZ1BfNkYwM1BVTFhEVi0zdlRzY3RuUHM4UXNQU3V5aU5vcw?oc=5,Watch
ALMONDZ,1,0.296,2.092,manufacturing_pli,https://news.google.com/articles/CBMi3AFBVV95cUxNendNQkFpQWtRU21RYU51UzNEa3NkOUVNMDhWcDlDeUI4cXZnR05lUzJ3ZmhmTmRRS285M3FJQXhWcGZLczVMVzJxWUVRelVydmdtTFR2aUJxN0JWLV83Skx5X0Z0X29wbHZWNEE1MFp6MGlQcHVURUpINDZ2X2ZqTEZuRU9WMzI2NTQycXhXT0FrM1dndm13M1FZaDVJbUpvRzJTZjV3cDNpb2lhZ0xBRWo3ek1lazBFTjBfY1BmNWczckdjaVhTbUZRNWlQaGNqbVAyQzloeHBjZ2FE?oc=5,Watch
AMAGI,1,0.25,2.0,energy_transition,https://news.google.com/articles/CBMijgFBVV95cUxPaXg1dG1ka2F2cTR4Ymd2TktNeUpkUWZLQmRMTUlnSTZHX3hsajFITkxna3VaVG1HdzFFcko3MGZ6bE91TU5BMS1USi0yUUhxMVh4bDhDRkRRN0o0Nlk2VTJWaVVsNl9kUnBCRkYwUldiQXk1OGFxNTZlN3ZzOWtWRk9HSFl0bE5nSTNTSFJB?oc=5,Watch
ALKEM,1,0.2263,1.9526,healthcare_pharma,https://news.google.com/articles/CBMihgFBVV95cUxPdGpmVE1GODBreVFPLW5pbWtuN3hJcVVUT3FwQTZWRkRwYzlsZzlXSHNhX25wY2Q0SWlvQThCTGs4d0ZVWkhjOTZPWHpTRGVmdU5rS3dQUTVoNFQ4RnZlbkJIMUdmWnJDSHFGWUZnRUpJYVk5cXVCMW5FNEh5Mm95aHM3UTlJQQ?oc=5,Watch
BALRAMCHIN,1,0.2023,1.9046,banking_credit,https://news.google.com/articles/CBMihwJBVV95cUxQa2F2LVBCeXBDVlRwR0JGNU8zbGtGRER1YzNOLWJyTkJ2N0pPVUhjcGVwRkpVUGNDNi1TdmRVOTYtNXRLQWtpd203NzVXaUw5WHdUMHJ6QVZmNUpmZERvdEx4ZFotU3UtRkZ6WHc4N2JvZU54ckJiSE4yLWZtZkVsa0cyeTdRUmw4aFZtSXF2MnlGeGFqODZPYjZrZ1FzSmk3bU42WHlVUG13TEttTDJqLXM5bEZTeklTODg4QktUUWdKQ1RRdmRqYTZUZmx1YS1WTWZfY1YxSW1UODJHZWVYdVVQZEVZMUc2aU91bng1c1NpYWFCYlVxdnpkX21zWTNOVXR5Z0hBY9IBjgJBVV95cUxPRHIxOEpkbkZISlVITlVEN0pacU5JSkR2WEp5X0pvLUM0NjFVRi1zZjFTZGtxdzZTZnl3eGZxSExzR055SHl6VC13YnZvdWpkWVFlSVNaamxvbGJNTGpvb21XNFJSSlpHd3lWVW1DOUhWcFBZdU5ndkJFQWlyNEc2QURTUGt5WU1MVUh4bGNkUFlOSXNKWkJvb2VqbnRLdzNNcnNObXVGTEo0OXB1c0Npd25TallSYTF3anV5RmFZUTZqbTViVmFqVGpBRTN5cUx2UjVWYnFMSjN0dXU1WVhhSFNRRDRxTU9aMmdPSy1BZXlFdXV2V2lEQXNzdkdwX3FLZ2lHb01SVmpHR1VJc1E?oc=5,Watch
AVTNPL,1,0.1531,1.8062,energy_transition,https://news.google.com/articles/CBMingJBVV95cUxOeHUwQWlsUEo3MEl4bGhReFB3ZEdwd1pBaUJKdktTVkw3Z3BfNk9UaWQyd1FraU1FTnBPMnVOdU85a1Nxd0VRTU10bHJvcEFJZGNycU5ET0tBNUFaNmJiSHY5b0kxV3dhc0htT2FOR0VSWXpZclFhdTktN3RXcTBfNS12M01yU1RiQW9YV2ZHcU5VVkZKYmhMdHNzSHNGd3d4aktVcWdoT2k1RUdQTkU5WUpoLUw3SlhGdlhvbUhNc0hRcWlMTl94ZXBvWEN1a1VHNldSNTB4VFdCMzBIRFU0V1VZYmN5MzZRN0ZWbzFyeDRfNktZOWxrUm1nczF0ZmYzV3F6ODRVMUI3MGtsWFBZN05tN3l0ak51TlI5MFJR?oc=5,Watch
BEML,1,0.128,1.756,energy_transition,https://news.google.com/articles/CBMilgFBVV95cUxORUcxWW16djk5cFN1RWdCQUdaZ0VPMVk0UW5EN2doMHZoUVFBNFN1LXhUcTBhX1lqSVVFR1JibVRhR2Z0QkNuY29VVjRfU0VsUnBTWkxUVnNvdk1SSmtRWlFZaUtmN3N3TS1wNGV2VndqeXhvbU5wU3JUbFpwa0pQNnJKRlhjS1luNHpKNU84cDgyUUJBTVE?oc=5,Watch
BDL,1,0.1027,1.7054,defence,https://news.google.com/articles/CBMi5wFBVV95cUxNdWxLMU9uRzhFOGFpS2hTYUlsZlJwVnNHZElRWE9oamd6YWRfclZJbU5LLUtWVk0zWW93UW00c0FRVzBTN3F5M09CYkhKLWNOLXpvQWljT1hLbWNoT1BKcHY2TlNJT0V2T3ZubXhCLV9LTndnY1R3d2FXZEM3dlBhVkliX0FWeDIyX2tqd0ZmNjBlQnpSNHVrSk5jWTlVMWZyVDJzSXlHU05yYklQZ0hOQTlvVklROHlTZFpYYjMxVmc0bmlaS21WZkMzeUdKMEJCS2RnMWhzb0xlVF83eG9icEhxbXlpR2_SAewBQVVfeXFMT3BmVWJUUG1qZXRKY0g2UnJWM0piV2R5a2x1QUpJWnVpelBSTW9RWWpOZ1ExQ1YwbF9KTDdva1hUWWNOTGdvaWFyb1VzWVVjTW03SWdSMVVFSWY3MllMQlFpTGlxRXgxaGZ2ZjRIeGR0cmttZy00YjE4dkxELXRNRDUxYU1NMTBOd2xsVWlCZVI1YlRQcmZYWXRPRUVXbjZjb1Y5LWtJeGhVSmRHbUVyTGZOaUZXRjhLMDV1NXpDdHRSZDJSeFhrLWtyUk5VOXRIRnlyNl8tQnBwbVV6LWtCYldvQUJmVVl3WEhTREU?oc=5,Watch
AJMERA,1,0.0772,1.6544,capex_infra,https://news.google.com/articles/CBMijAJBVV95cUxPUnBvY3FnNXNCUjdma3lWcW9zamp4cTR1OXJ5NXFpdjNpZElPVzF4T1hSYmhwdU5rVHRrRzNvNXd5VDl4WjU1bFllUTBCUENWaFFLalAzNHpzTTZ0ODR0eEZHOEhRcG9tMHNDWlhFOHdXSXBLdkNaZFJCcTZrZm1Nc18zdklOLTEzSWhoU0FmOWRPdDdGa1hoYXNWYVVTWnIxYjhjNVZhczRFdnVhOWx3amhKbDFmd3dvX0I4OVBnRUp1NDRIdnNWZ1A1dFNtR3JUenV1Rk9KLUxjbXBqeXZqS1l4WFozdW9mcnRPVkwxdmlLN0JsalRId1dfeDcyV1ljSkdMc0hTbkQ3aUha?oc=5,Watch
AKZOINDIA,1,0.0772,1.6544,capex_infra,https://news.google.com/articles/CBMizwFBVV95cUxQdUdyZFlrUlVzcDVCNk1GeUNBWUdBRTF5VkIwWG5sbkQ2TTdhSGtRSndodm1pclE1RGlPUE5lUGhSaks1b0hYSWZIVlFlOG1WYkljZGVnT2lOQVAzTXljZ0lXbUVYQUk2NFJHbUtQSkNuV0F2WjduV3J3a0RQMFNHa005cWFqSHh0YlotdWd5c0VBODNHYjBNWENQTkV2bEFiWGk1NEppUGtFaDYtTVBuc3plWTVFcndWTjdvX1doVWlFdUU4QlZwZi1QVDRFX0E?oc=5,Watch
AAVAS,1,0.0,1.5,energy_transition,https://news.google.com/articles/CBMi6gFBVV95cUxQNUtEdG1TUjA4TUd5VnhOTGxyUm4tQV9ZUE44amVrQklPTFNWaktCVHluLVhiRklzTlR4WW5wMU41NnlER2pxZUpxRDhLdEVicnBkUEIzRUE4OUlrYmFNelVUbF9ORlliTGNGOTFGN1gwbmZ4dDdzR1lMd0JZdkNTMVpMXzhrb0UzQ1JGV3lmYUt4SUhnV2FTQU5PZ2c1WFBMNF9Id1JJeFdQVFdIRnMwMHdmcU9WaDAyRnBfWXVzSVNWbkxHUG0wRTJWa2hsWVl6ZXljLU8tN2tJQkhENWpCMXZaaDlnTmNVR0E?oc=5,Watch
ABFRL,1,0.0,1.5,energy_transition,https://news.google.com/articles/CBMi1gFBVV95cUxOeGNRVm9zZjR4X3VqZ1k5QklNY0x6R3Rld3dqUXBMNWQzcHltSDBleGJ2T3puS3BVbmhCeThqUTN3cWc2UTZwSEp1d0ZrSTlUd2RleEh6S3lXSU1aYmpOcEhWbEo0M3pjaU9sRjZKZVNsaWZmNlYzSDBFTkw3NG5sbExkQzVYa2Rfd1M5ZXNKMmxOczA5NUFpdkNKRVd4c3dodl9GNW5Mc1FmX0J4eXpBamhTQ24tUkRidzZaTnZ3ZUIwN3QxQjVRaUlvXzRZcXc1ZkZBSy13?oc=5,Watch
ABLBL,1,0.0,1.5,manufacturing_pli,https://news.google.com/articles/CBMi9AFBVV95cUxPTHlXbHZXQ3dKUlJZbEREUU5langyN1k3am44N1ZsX21LVXZ4bkhrNHhPVnE5b3pjaW5wZTB3c19UVzRIUm9YNG93clFGMjRVY3BCX244Q2VMTDRUTVRiR1RXVWZNWFpsTHdOYXR6alhkSVdEWXBLTDFfT3lrNEp6OWRPT2t0eVRFQVJlUmxKN3FWdTM3TGRSX0p5dld6T0p6X3Z5OG9ER3dVQk9Gc2xFdmtBRVM1Qm9YenJqT0JyUEFvdmhfQXAyM1VVNXYyY3JuX01sbEl4azZIQWV5OTR2NTF4dlpBOGhralhnelpWNXRHV3B5?oc=5,Watch
AEGISVOPAK,1,0.0,1.5,capex_infra,https://news.google.com/articles/CBMi1wFBVV95cUxOWHBEcjJTTTgtbTA1cjhDX3l5ejY5dF9KeGJ4bVZHZmtfWWJ5RWN5MWh1bXR1c2RnUWp1TmxzNEVwWlVrZmhZTVJNRmJDOVZhRXZBaTBkQ0R2cTdFRGsyYV9kM1J4Qjg2RXl2WlV3MmdCSlh3TlJETXZ4MTlSOUJOYTlFTUk4NlQzcHpHcHFvQk1WRFhvTC00cE12ODlNOUNZTTlmMGtPUk5OUm1iWFFUUG8xU01yWC1iM0F3aUVudnpHM1laMlBkWHA0eW5OVmZhMzNZVlZscw?oc=5,Watch
AHLUCONT,1,0.0,1.5,energy_transition,https://news.google.com/articles/CBMi7wFBVV95cUxQTjRBTmRXUHQ5dXVHcXhpLWljWGlCTFBEZEZxOUgtNldZbllOZl8yOHAzaXk3dEEtM21ENWhPQnZBRWl0UVRabzNCVEpEaXdrS2Rid1RGTS1JMVp4Y3Fwa1Bxc1otWXJHVG5ENW04RFdOcUhoZ0Z6eDZMZlh0clQ1ZnV3cnlaVVV0QUJrUkZqWlR1OXFqYXczTW0wbE1idjBrVUd2UUMySDMxV2dzWTk0c3lWODR1NlRYbVFMeE9PLTNNVzNiWmlZMlc1MjQtQ0M2NVdKeEh0T01MWFNiZXZZUUJhY3NPbUtuNGloUEtHWQ?oc=5,Watch
APARINDS,1,0.0,1.5,capex_infra,https://news.google.com/articles/CBMi5AFBVV95cUxPR1pXS0FrUldtYzNWQ0JjZlRZVS14VThwR2tOYmlOX0hxLXVqN2JGM29PbVRqZ2g3cmtTVmFkRjNOMTBXblE0MUNsN2pyZUp1WmtlRnBxMnMzdUF5V0dxTlFqNUZIM2R5Q2VPUzR6ajRWeHlpMG1SbDV1dVFKTzM2cWI0U0tMb05NX0lHMmZKSm5CMFNSQklDdzFUWEJxTi1Td0xRR2lDazZ3OTI2SWRsY2RfVE1QZlRta2NZUVFqSnhlREtFTi14VGM0Ym9CWnFNQW9UNFRudjZrVXhGUldqYWJJLXM?oc=5,Watch
APLAPOLLO,1,0.0,1.5,energy_transition,https://news.google.com/articles/CBMi7wFBVV95cUxQZU5RVnBRUHNnd2l4ekhuTEJJbElxaTVTN0NvcS1JWkZRNWVZVlI0SWF6OUJwaTRkN2RLdWVucG9VSjVrTWZzaFRKSUVTaUlQY2dnRGxrM2V6ZEFnY0ZFTFZSMVFRRUZ2UjFIbzd5V2ttNHFGQkVMMmY0TGRSWVpaUmNReGZ1MXBtY0c5RWZ0TjJxNWZ0TmdRVTBiSjB4RDY2Y0xldmI1Q1d0cFN0NzJCdm1GejB4WmdUbWRvRkpTZUhOQVFUNmFrUmNMWE5weWtZMm5KSFMzTVNzdFNGOXpYNGxORGg0aEEwOGN5YW5wRQ?oc=5,Watch
ASAHIINDIA,1,0.0,1.5,capex_infra,https://news.google.com/articles/CBMi9AFBVV95cUxNZEtfbzc4bENTeHc0anVuRm03c1Q0a18wLWpHaEFZREg4bHQ1dmp0YUtHLWE3VVFJVmZCNU1mV3hMMDRuNF9lWmdFZ3dFalJGQVFTMENwN0VSOXplVlRGNTQtR25ZN0FJbTdncTVTZjdWd0QzdTU5WjBpekdCalBoMjQ4MVU1TE1MUWZGbWYzcmdhNE43a3lKYktEQkxHLVJiMUxsSHdpeXdHWlg0bW9VUGFCVWxqNDdnc2xONl90VlBYS3Q1SVo2Y1hvN21iMTczVHV4cmlOOWRBM3lYUzV1NWN1RlBMT0VHOTR6aDdHMFVyQW5o?oc=5,Watch
AURUM,1,0.0,1.5,manufacturing_pli,https://news.google.com/articles/CBMi3wFBVV95cUxOVlhiX1hEbzJmSW1vRUlzOGNTZzJaQlFNbGVTaWF6SmR2OXJrVHZQOXdXTWNDUDl1YVJPUE9zTlN1d3I0bHBuSUE1eTdXZzNyUFhBcE1Uc29vMkg1ZmZFX0FPemhhZzlzb3F6NkxPNHg2NXlRVnFiZXhOX3lic2hDWXY1SkJFWHJuTlJJQmY2dXBYbnN3VGRJWlpYRnJfbTdOWDdNUWlvWUNfNFp5ano2Y0JDLVdiSGJvQi1NQ0htT0d5YzZqdFA3a3pFSG5uR2RmZG1uX0tuUGdBNTkwMzVV?oc=5,Watch
AYE,1,0.0,1.5,capex_infra,https://news.google.com/articles/CBMi-gFBVV95cUxPc3J2dmsyN25NMmZDOVJKNG00X1BDRTF4bTg1VHQ2WUNRc2EybFNWOHdzb2lHbmpJYWJZOXBpekhhMG5SNVJDaUpsMXV0SFdCbkFnaTFnc0pqNjNWS1RRbl94MDM2NmxoYnhSNHR2SXZiU2wzYzZHU1FYbjZPR3NxRThKcG5xS05WeF9SNUtDM2tVY1hLcjVydVY5UzdrNDRtSFpIWjAwS2lDb3Q2cG5VUks1ZVo4UXItd0hsdUdBT3MyUkw3amJ1ME0xbW0yUnlFQlFseTNZclA3UHVrR1o2TkdDZXRpbEkzUENTT202eVNmZ01SUVB2UDl30gH_AUFVX3lxTFBUcE1rSVV5b3lJVHNRTlh5TVJzNmxCZzlhZ3ZmNEhLZWFRX0duZ01ORFA1VURwNzRaN2hUTlhkdGQwbzdmaHpuRjJRYVhwQU5Wd1ZublZCVlFUTzVKSmlaUmN3ejNvaXhWVks4OHBaRFduTXRmLWhjZlJpV0tpUmVzckU2WF91NTkxVEVTX2dzM1o1TjdUQ2lXYUhuUWFjSmFibzVsZFBtWUFyWXRSS2VfSE9kM3RtbHRGbXVWMUhFV184dWVSb2dwLUR1MlR2VV95a25KVjJieDU2VVo2TUZVZ2Z1WmRyLVFJWUdCdndGOHEteUE4dzlMOG5fajR3TQ?oc=5,Watch
BAJAJ-AUTO,1,0.0,1.5,energy_transition,https://news.google.com/articles/CBMiqgFBVV95cUxNS01uMXpoM2FCOUxxS0pwRHpveks3M0dfeDJFYkZjd3FoUWNHSTM0U0hGWkdyQ29fOHZ3OGhqU2ZHLW1OcWtmM3dBY1BVdVAzOG1ZZ0hNSjRPWExmX2lFdmdjcWpTVk90WXluZXNMS2VBd1Vqdy04Sks2QlBuSEFoQlF6WXpXbHAwbzItdllRV25DTGxNaThkdXpPMVdMTzFJS21PVDFBSlJUUQ?oc=5,Watch
BAJAJFINSV,1,0.0,1.5,capex_infra,https://news.google.com/articles/CBMi1gFBVV95cUxPRDcxLWlOdGczNkYzU0xtRzdHOThJdHpoMm5uSTVfSkktRG4ybTNySVNkcWhsdGNXWDUxWTdMbG9PcXdmU3ZEdXRDbGhjajlmeTkwbGtPbURQdXRKeEZubGdQbDFyVjBERTVaMEhQVnVhdEp4T2xhRzFKOVRHbDlXWFRkcUhGdEhjTnJ1TndMMHg1VzREanoyN2lLY2RCUjBYX1ZwUmZ5ZDhfU0VQb3owbXB2Vng5VTJodFpkRHhyR0xHVlEtRlB1aE4tamFlS2FPVlBoTnB3?oc=5,Watch
BALAJITELE,1,0.0,1.5,energy_transition,https://news.google.com/articles/CBMi5wFBVV95cUxNRXRTTlRCLVJfeE84RzhNUFF6QXFIUjBtcUFuRDFYRmRMZmh5cTNRQUtFdzhlMWk3VTYxTng1amFuVDVQYjNlMHdOWEd5QVFZcEZYNGswSV90anh5cVRoX1NsQjA2WE5fTEQ4SVJ6WWRzb2pUM2hjSkdCdm1zTmpMNVhRQ29JbmE5Z2l1cnNROVlvb3ltOUJhT3o2ckl6cWl4cVltOElXeGx4WkVtc0hqbTFScUJOOHg0NENfZ2Y3RTJBUzJkSGMyZE9HLW1PcjRuV0tJbHc0cWZJUURvci1WcHE4M0VkaHc?oc=5,Watch
BALAMINES,1,0.0,1.5,capex_infra,https://news.google.com/articles/CBMiiwFBVV95cUxPXzFIbTFvb21ZOVdveXl1cFpaZDRXMDhCMU8yOTBmQUxJOExXV2x3NmJpQnhVLWdVUHdBVENYWG5PNGdhRm9RaEZrbnFHYmZCRFV0TkM5Sk5jWGhLTGZqMzRtdUVoelg3cUMxVEVNMnNyRUtYb3FjSWpCYUhQU3NLV2FwaHp1eHBuTVRV?oc=5,Watch
BALMLAWRIE,1,0.0,1.5,energy_transition,https://news.google.com/articles/CBMi8AFBVV95cUxQS2t5UlV6X210bVJtaHFkS1p1RE90WmdPWXkydk44NHRRZmNPcERyM1otUDFMc2JRdDZ4c2FPcTBSS1ZzX3R0MG1NNm90RXpiY1lvNmYtTkt0aTdGeXp3eW1TSW1QTTR4WW9fVC0tejlzODcxempDUjJYcV80cUk2ZlJibUZQQWJYT05FbGVYbjNlQ3pDYTZSSTlxc2U2c19zX1ktbWJhajE2dzZISHJ3RkFUQXJCMFVOMFYxN0l1bjUtRlFQOU1yWmhpcU90ZklqNW5vdlNScEZJVmd3WjBwOTZTS1hCZzMwQW9fRWQ1TXQ?oc=5,Watch
BAYERCROP,1,0.0,1.5,agri_rural,https://news.google.com/articles/CBMidEFVX3lxTE45VjRGUXhfVDJWb0NQcnNwQlZXajJoZjJ3cTg4ejJrZktNODVKbjFtMnVSRVhjRVNxVlREOVRBRGlMUm9ldlpGWnhMWXhaUGtvM0VURlJId05JY3hDMVExOXpKOHpQQ2lmU2E2YkFnYV9YWTVw?oc=5,Watch
BBTCL,1,0.0,1.5,energy_transition,https://news.google.com/articles/CBMi8wFBVV95cUxNVFVWNVBOVFo2OEtsTVcwWEQ3amRQSlRRQnl2VFNKVmNURlpwaUlPNVVvSE1fdWh4UTZWeVdWcktFa1E4dndOS2hlOEhuS1RDcFJXNWliMkVEcmdyZ0Q2UllBTk5KSno5cDQwUFJTNkhFZVNzdjRyck0zdnA4NmNjcDhrSE1ZNEtDRHVyOXJieFlQVmhSWFlQR1Rid204YnNsZm9XdU4zZ2VuNDRLT0FUV0l5MzZFUUx0d2prVC1fa2QwT2Vuc1JxVjJwbFV6dU5NUE01VnpJT0Zkc202UlJ2NW5jM3ZUN1RpbUNvNThsZ0FnWU0?oc=5,Watch
BEARDSELL,1,0.0,1.5,manufacturing_pli,https://news.google.com/articles/CBMiuwFBVV95cUxPSkJ2YmcwdnBXUUdZbWhFOER2cG5GOHZrY0FLR0ZYMzJqVFk5Y2Zxd0VmVlVFNkV0djh2cVdfcXlfcmo5X09UMXZBdEdJdGhnVGFMZ3VKemtUdVZienl2MmFZbjhCd1dwYWEwVnZnZlZGZTZnRE91aFBnZ2NZeEprTXN4MDl6X0tFTGlNSjRUNkVhcGEzdXNsOFZnc2JCb0JFam1hcGFyQUpiU1RiNUp5XzQtVERfaFZWZVlR?oc=5,Watch
BHAGERIA,1,0.0,1.5,energy_transition,https://news.google.com/articles/CBMi6wFBVV95cUxQSlk0V3h2cmlmXy10NkpvVnRvYkZJcXNNd1I5OVpUNmxPT3lHVnNyby15OHNDYkl1MVBsVWhDdDFsVlJFbXdOaTdzdHBoRTJ6dDNkUFdtNmFibHdDOGtVNFRwMzVsTW1wcEFCY3BjR0xnX1dVVWhvQTVZZkZTQ2J5dDlUZnJCVnVRb0ljUGRkdU40d1BmbmhoWXNhQnpOb3EyQ2dkVzA3VnltOVlIZHB3cFgzNGJGdnljS0hLbWt4bV84d3lZWEkxdUpfLUpMbS1XOHBPdW1LbGhCT0VMbko0SGpZbmx5M1F4Q05F?oc=5,Watch
ARVIND,1,-0.0258,1.5,manufacturing_pli,https://news.google.com/articles/CBMiigFBVV95cUxPcnJqT3lpU3A0SEtvV3BFYzhvWnMyVjgtTVRWRG9QYWtBeXFJT3QtLU0ybDRIZ1FBZTVlWU9pcmFobkdZd3BYX1lDZnBRQkozTFQzcV9yOXFoalBwNWZyM0hzb1kwMm1GbmZoeWxWb3BNNXlxZVFkV19VcHJWdFBmb2V5OXBnRmN3Y0E?oc=5,Watch
BGRENERGY,1,-0.0516,1.5,capex_infra,https://news.google.com/articles/CBMiuwFBVV95cUxQTVVRQTh1R3RqdzJDTVJwbnZ0SjFfQ2d4UWNUUDZ1V1Btc2dtQlpFZW9sQkotbHQzb2phbTBzV0JqS3lqZUtNNU1tekFrVjRRQ2Fyd1NyeGs5SnJpc3VwNGxNTXQwaWYtM0F2SzNiOEktSkZhUG16WC1aeG0yQUV3bHpGUVZsYXE2QzRuNGl3Y05QUENUamRjZWI5eHYzTDZpNm50Ti1RUXVFaEp0eDhjeVFnd21uWDc5N0Jn?oc=5,Watch
ATGL,1,-0.0735,1.5,capex_infra,https://news.google.com/articles/CBMi0AFBVV95cUxOOGRTX05TTV84Qkh5RHdkWkY5OEtDUTBQLXlYT0YwbDNwNzZJcmFDUnY0Q0MyeTFfZGNIYUM3eXhReG9jaHlrOHdkSExVbHAwYWVVVFZaOWNieFF5T1lpNWhJWjJUaHowUG0tbktCY2s3WnNJazhyNGRweTJHSUo2OHhMY0Q3NHFLRmxrQ1ZZZmtSMVp6dlV0cU5GSUFQaUpEajNTMXhRSmFTazhPeHJDX1FmSXlYenlTckFTbXFBUm5mVnlaMDlac1lmcDdFd3Uz?oc=5,Watch
AGRITECH,1,-0.1027,1.5,agri_rural,https://news.google.com/articles/CBMi5wFBVV95cUxQVkh2eHhWUFF2STBPbnNmMFZxUHdEQ0ptX0pFakM1cGdXMzlYSW5Cemdhc0RIX01NZEZUdkNBS2lNc2NGMHdiZlFxdHdOeUgtNEF6NFp5YVNVYTlvSE42MExiN0tyRkxjbHF3RGs2SzNUM3lTWnZpYmZwMVltbmY4NDlKY0FFeUZlV0RPRUtDa25sVUUyemJWdUtSNDhCYjBjX19rWjlYVGNPN1BQalhJYWJ5OVNIaHVHdWJjT2lLZTFyTGtCUEllSVJfbHJwTWQyTmdqVGRIYWliTUdkYktIZU5rbU4waWM?oc=5,Watch
BAJAJHCARE,1,-0.1531,1.5,healthcare_pharma,https://news.google.com/articles/CBMi8gFBVV95cUxOYjBqRDMtdHR3T1JfN1ZEcVpvVW1EOHBWLVRBdm1hLTN1ZlJOYWJiTlNTVUNxdDZ5QzY1cWtXZ05Mcy1lRk5PWDJJbGxUMmI1NmhNd0k4b1Jqa0tEYkUyTWdFbnRaSE5sdUhQZ2M1SFI5VkVlSWZXSy1DYmxFV1FTWENVQW95REI1ZmZoV2s2a2h2aVNHUmEySzkxSXZRZTBEdGNVcUZiLXplN0ViblY4a0M5T2xVbzhKMmdrQUlqUElSRWhjZ0ltQ0hUOW4tbkR2Tk1Hd0haMmhSa2U0dzBoRVhhZFpHZG90dHg0aVE2U0NvZw?oc=5,Watch
AARTIDRUGS,1,-0.2263,1.5,energy_transition,https://news.google.com/articles/CBMihAJBVV95cUxNdWlIQWZTLWF5UUJ4X0FjaWF5V3RlLUNzemVzOTRYUHVtQzhQTDZqSUt6Rm52dndLVzdneEhDeFpsQy14YkloUEJScy1SZlBXcXBDRGVUZTMzZk5ibU53M2FuOExidm1yeFlJc2d3T1Z3ekFGUGRydTZZYjF6Z0RVd01qdHZ6bW1uT2tfNkw4UVpLc1JfSDdURHNfSW5kaWc0d01kOEVGYWhUSVcybXF4b0ltVWdVcHhQUS1CblV1YWs0MzhoYkQtRUZKMHB1QktmaTdxQ1JHeVFjSmxpOThMT3NMWTYtcFUyMXoza0h5VTZEcGtONk80S2ZlTVhtRkRPcVA1MQ?oc=5,Watch
ABB,1,-0.2263,1.5,energy_transition,https://news.google.com/articles/CBMi7AFBVV95cUxNQnc2TFI0bFgyQVlNVHVHN3dhVnhDNVYxcThWVVRfWTRLVXlpTzBhVDBlZlVFZEpPMHhScXhzT01xdFV0TGtmeFJJSmpPOTFKU1BMT1h0a3psR2dPZ1lmXzNEV3VqZFJQT3RDbEVOSW5FaTl4YlJGODU0Z1AtOGdCYTA3NHJ4eURxTmNWRW1GVnk4cHpfcXlONkNDUlQ5bXZPeElYSDNmUHc2TWxqY0NqaVBkMU1lUXh5LVhEbHFZUE9lR3FDSkdBQkQyazd4dEVKSDJmZWtRa2hhaVBsR3VOcHR2YkFlTUVHQ25YWQ?oc=5,Watch
ABBOTINDIA,1,-0.2263,1.5,energy_transition,https://news.google.com/articles/CBMi7AFBVV95cUxNQnc2TFI0bFgyQVlNVHVHN3dhVnhDNVYxcThWVVRfWTRLVXlpTzBhVDBlZlVFZEpPMHhScXhzT01xdFV0TGtmeFJJSmpPOTFKU1BMT1h0a3psR2dPZ1lmXzNEV3VqZFJQT3RDbEVOSW5FaTl4YlJGODU0Z1AtOGdCYTA3NHJ4eURxTmNWRW1GVnk4cHpfcXlONkNDUlQ5bXZPeElYSDNmUHc2TWxqY0NqaVBkMU1lUXh5LVhEbHFZUE9lR3FDSkdBQkQyazd4dEVKSDJmZWtRa2hhaVBsR3VOcHR2YkFlTUVHQ25YWQ?oc=5,Watch
ALGOQUANT,1,-0.2263,1.5,energy_transition,https://news.google.com/articles/CBMi8wFBVV95cUxNWlpzQXNSTEN3NEVkMFUwWmlwQTVkSjFPaWhadjUwMmFsSFhIeVprSGZ3Q3psVENNeFd6dGJEUGhjTVAyaGVtcV94TUxheGNoTUpOdk9KbkVweEFBQVhhNlFJZFJCVjVPSV9yN3JGRzZlcEFaazc4SVd6N0Z2ZVFwZGJyTU9sb2NjN2g1bFczckhSUHpMRVJyTHEzVDFwbVdPMEhYT2dzdndGNEpZNUVhWHBYczNoVDMxMmljTHhMR2FLVzQ1VWZoZmZaazJveHZscS1iRnoteVdkQl8xbTZSYWdxdUh1TFc5YVZWemJZNkxkcW8?oc=5,Watch
ARCHIES,1,-0.2263,1.5,energy_transition,https://news.google.com/articles/CBMi5gFBVV95cUxOTzFULW0xM294LV95T3Z2d0pJV0s5ZE9SU29HbUdRbzU1cjl1R3RrNGxxeDlONHllVFNITVgtaU1LVExENjZ0UWFJVmswckN3S2pXZzJ3SlNtbE1tYmN5S2dtYUlYY3BNOHdTY1dZY3RKbHpjV3JpSTlsdkpReksyTkw0WkU5OXliQ0ttSUl6Z0VCRmU3TUxYa1dEeW9qZ2ZNUTAyc3BSNW9sRGtuVEI2VTIwbVFFc3BqaWtyS3FJd0RzU2FqaHc0THEwX0otakY0RWYtS1dCdWprQWxqZTI0c1NNbDlmZw?oc=5,Watch
ARVINDFASN,1,-0.2263,1.5,capex_infra,https://news.google.com/articles/CBMi2gFBVV95cUxNekJrRnd5TkRIQnJLaXJrb21wRllCZmFBTkZLeFA3d3lDV0FObkNDMkkzZXU3MzlzTS1ubFZDSVZ1ajlRSGhZMWU5TGZMTVN0MGpPQ0NKSm54M2pCeHhHNEdjV0NYRWVlbHpXN2FQV3BQbGEwWXAwLTVKZ0RNYU9ULUZqLVNWRWh6cVhLYl9Rd2twMEZic0RQWVpya3Btc092WXFXd05XYjdiS014Q3lTODVuQVBFcnZBOGlQWXQxMk1iajgxWmZuOUd1dlNtaTI3VWxCOXdZYXJEZw?oc=5,Watch
ASHOKAMET,1,-0.2263,1.5,capex_infra,https://news.google.com/articles/CBMi8AFBVV95cUxOX0E5Uzc2LXpUZzZMdEF3MnBabnZJaWRyWU03bkhSSUZSODJ5ZEY3TFlqWU1zY2hFUWdBRjYyMHNQZUJGUVFvVjNuZllzQXBmaWRLcmZqemRvcFVQSGtoZHQ5RTh3OFo1dzlCd0NUaGRGTE52azJ5UUY3LU9qTWJRSVkwQjQwZVJ1eWl5SlBZVjVYOGcwMEN3WE5UbklaWmZQMmdlZzhDb1I3TklQTHpqYi1nUGs0eHJNT0p0aEtTSy10V3FTMmtYNlkzcjhSaV82M0Z4Z1JqRGJqNnQ5UE1sM3FOUE9XUTZ4ZnlySTRMZWc?oc=5,Watch
ASIANHOTNR,1,-0.2263,1.5,energy_transition,https://news.google.com/articles/CBMi9AFBVV95cUxNcm80M3JzU241OXN2RGVNSnRqVUtiOHVoRE5LYU1nSzlnR0U0c3lyNGJWUFdzMEc3QmpUZUI0dno0Z0tfa01hTVVvVGIyd3l0OVRWZFpmUWluZVp2b2RNTEV4dWI5ekhHT0xkdENVODZHMzlWRTNpRHI4MFR6TmhTZ3hnWmhteW9kWW80MExRYXU1MGhLRDl6cjVZSll1NzEzTF96TDN6OWhVMnVWT1diVWs3Zm1hVXZoajBNR0hMUzZLMHVXclVYTmN0V0JMNWNhOXBiSkMtVlBMWGoybU9GNFV3MnJvVlllcHhaMDFEX0FkZW1k?oc=5,Watch
AVANTEL,1,-0.2263,1.5,energy_transition,https://news.google.com/articles/CBMi9gFBVV95cUxPd3UtcDNuVlk4a3lJZTh1bDRyNFhMak5SX01sNm1iQ09OQmkxbzh0c0oxOTZHUjZEaW15M2hNZjlKLUxsQkQydkFMQ0ltQ1JiUWZrcmxXRVVXdi1Eb3NsNmRSUG5BZ2FaSGlpa3JvdmI4c3NWaDZsSC1fR3Y5MXJSZ0FYd2hXS2s1OGJwMmlEcHQ4M1lrWWREVW00ckllQWREYjJxcWhYcHU0SEtiNGhYanB0WWpJc0VIUXNXTjZaMmFCZHRMVVhHX1NPZmxUQ2NxS3VuOW45SlpsZ2E0anJWM1hZN3NwZEh1Wk5ReVloRU11Q1JGa2c?oc=5,Watch
AYMSYNTEX,1,-0.2263,1.5,energy_transition,https://news.google.com/articles/CBMi6gFBVV95cUxQOWNuNHJXNzQ3aThBS3ZUbG5YSzA4NDlmUG9FNTNFNEtjSnNUOXJVdmlaOGNFUUF4RXdSdk5fYnktM3g5dTZKZXRTRDRlTWd0LWlrdHQ4cmFGSjFManRPUWJhc18zeVFGRVoxTEMwMURkbTgxSnpoWm9xYW1uZXg3SXVsdjlXeXNlc3o0UXVybnRGTzNibHNKNmQ1VVdId0Y1WlI5b19EVUwxM0NGcm1HNDhVeDcyS1lBMHFBeE43dGR1LUg4OHZQV0VKYnJNd3lrZWVxRlBwekEzVmdFY3djTWx4cmRIaDlNTkE?oc=5,Watch
AZAD,1,-0.2263,1.5,capex_infra,https://news.google.com/articles/CBMi3AFBVV95cUxPdUxpSTdlTURQS1RUN1ZIRGRUUGtwcjluWG9oUW1nSFowbW1LRXZjYnVTRmpJZVRJelo0MGJzenpSbDdGaVhEUkp3VEFBa2F6RklNV0RVTlhlbWdER05peXBWbEtZTXVUcUxVRGZ6dnNvM0lzM3oxUWFMSW1pejZUM29sU0NLTEtSeVpGYUgzZTZqQ2NyZVItQ001R29MTnRYVDBFS3U0emdSUkcxTWFnNlhmRUJCMDg5TWRiRktWTWFtaU1tYjdVNXR2WXpiTWExRkN2RmxpeVpWYTh0?oc=5,Watch
BAGFILMS,1,-0.2263,1.5,capex_infra,https://news.google.com/articles/CBMi4AFBVV95cUxNbzJBUEhNcWhtc3l3c0R6TFZCb3VYYWY3aW1WM3hiT3AwcmRiTXhCVHhHRTVOYmZ2LTZpcHBPbks4bzBsR0ZzOUZ2RUJqS1NZdUZZREdIVXdFMDdEM0o4c3lMRTJzNXEtZkpTbWE1ZnBtLWlUODlSd1owWnIyekRJTGx2eDZZRkI4N3RWbUZSUmRzSDFVX3pHZktIaGtJdENGTkpPeWhDZTlMWnU2SmN6VmhJcWYyOUtGOWJfUHc1eFRLTjRDM25rMlBtQS05azh1bGdLT2lPVG42MzFvcnZzNg?oc=5,Watch
BELLACASA,1,-0.2263,1.5,manufacturing_pli,https://news.google.com/articles/CBMi4wFBVV95cUxPN2tSdDN6ZEoybTc5UFlDdmxIOTJpa2JPX3phNDMzTkl4aVU5Q2dqSjJxcVVyN3Q5eDNlTmpZY2FwN3JseGdGc3NHWmVZdk04ZWxDcm9JS2VCZ0VZLTQwVTJES0ZMUlhrYkNnVVpkYTFoX3k4cUd6alN4UFRvLWZKeDZaejd6d1B2QXZXUy1jVzM4QUlMZ3BoSE1BLTdwSjlQalVLeUJTOHI4VXBTTUVzS292MXpZUkRUaERhajhNOTJqQkFEV1FpU0ZHOG1VU0liY3JBOURXUnBPQktpeWZ5RnhYMA?oc=5,Watch
BHAGYANGR,1,-0.2263,1.5,energy_transition,https://news.google.com/articles/CBMi8gFBVV95cUxNM1YtbVoyN00xLXQ5OUdva0lnSGxZNEpWNVNVc1FXU21HQjU3U2cwWmVnaTdIdC16eFBIMkkydk1uUURlQmF2Mzk3NG93WldMZFFqODhUU2drQmVOZkVIdXBYeHpfZ3BtSXgtUURVR0NUXzJ6Y0N2U1BDVkNkb0FrVS1mLWhwTEwwZF9MNEdDLWNWeDBmSlVtTGRmVW5JNFBMeXAtbXhXTlBHLU1NVHNhZjFkWFRtN3RJWThXNlJJS3d2Q0lUUWk4T1lqdURoc2p5c293VDFWN2FweU9OZUtRX1Yyd1FBSmJKLW02WUJib1Z1QQ?oc=5,Watch
BHARATGEAR,1,-0.2263,1.5,energy_transition,https://news.google.com/articles/CBMi7AFBVV95cUxPSHdvWW9XVkNoR19ZRU1wa19ocUhrNkJMeU9waHRHUTJyb3BRM2FWanNsUkFPOTRoX1NYOUpCYVRFc3RqX2NrUkZ2RW1GTGtoc0cwTzJkcVJmTkhnQ21POHc3a0FPSnRfcndRX1lzak04WTk4aHpteXp3YmVTWVMwT3M1Ymk5OWtPdlRXNlg4WjlEbEUtcjZUREtxdi03cDM1Z0lvN2paTmhya2tZbHRtZV85VTQxRXprSEZ6eS1KaEdMVEdLTlRFN2dyazZrSDZtOUlfRVhCbGVZT2E1REI2eF9WNWdTM1Y1dXZZTg?oc=5,Watch
63MOONS,1,-0.3182,1.5,energy_transition,https://news.google.com/articles/CBMi4AFBVV95cUxPdVpFWWlMMGhwQU5KYmhHYVZMYld3TjFNR29SVVFmcG91U3luaWJXZ3dqZlBqeTBNbXpkR0dzVzJ0Q05lX3Jvc2l0eVppZ1R6WUlyZ2w0alpLbHdKZDVTSTlzTGdFWEhYQ21TX3ZkNU9Bd3NUZnBmTG9GMkdhTUwtcjVIamZtSWpIU1NZTnFKd1FpSzc3VGFILVpxT0dNVmd0eHNvc3BxdVZCYVJWcmRFck5DZVZVbjRGNHFwdFV2N3pVM1ExaGVxdFdpTkNQNWF2NzVYUWx4aXE3TFVadmpXeNIB5gFBVV95cUxNcUUwWXB1bWFQZGxVYnkybm9kbzZVNy01ZG10N1pDUGd6WWFOVUhkNDBpWVlXLXRtQjYwaG81LWNhVmtqbXY3UDdOWEVuZkZSQ3lQMllJR0VTV3NqYmJ0Sk1rLXZuWmpsRkt2eGpNdDF3Zi1FVkw2WXZjRXhEWU9zSm5mOEsyazVuUnVPSVJGSlJIX3phTElLZGZsWFA2T3ZfNWZoeHNQZ09aRWhlTHMxSTdueUxrMHZ5SlJRUU53TU1vNGt5eVJCTXlCaEJoV1hVRm9KMEVHNzRiTzl6R1YzNkdXeVowUQ?oc=5,Watch
ABREL,1,-0.3182,1.5,capex_infra,https://news.google.com/articles/CBMi0gFBVV95cUxOTzYzZWNPd3plLS16TFdqVnQ5eVdjQW1RQXdZVGQ5aVFZRUg0WjFRZkFaZWdrRTNLWnltb3BHeDJuSG1pZWpKYVpaNW1YVWF2bXB5UDFVNnpaeWE5TkRwSUVlYWxQdmdKWkc3a2xGZy0wVzFDNVU2SGwzN2hIbHNiZnZYSFdJRjhXZTZvUjZMT1ZLZkNFaWc0YWZyeWhMMklleHBqVWpsWU0wX2RyeldJSjM0bV9UNjZ2ekVJY3I3TEZmRlAxRTdKelhVOFZzMG9oRUE?oc=5,Watch
AIAENG,1,-0.3182,1.5,capex_infra,https://news.google.com/articles/CBMizgFBVV95cUxNVEZnSkpzZm1PaEM2RU9iOFFvQTBYWXVxNUd3U1pFdGEyaENEdU9ia0ZiZV8zV2RwTklCMDJnTFVwOXo0TXYzSEFxVnlrQmNSUHpyVjVGMDlJRGkwamZQalpvaTQ5c0ZsOEprNHFmNVNhT29tb0V6dVdqc1d3OUs1M29rbWNZMHdremp3UVhqeThpSUNydkhQcmI4U2oxVGR4UTJrNFlGOWFDNmd0dHh1QjMwNEF4dkZ6Sk9uMjQ4VTBBMWRfX3JoS1RaZ0Y0Zw?oc=5,Watch
ARROWGREEN,1,-0.3182,1.5,manufacturing_pli,https://news.google.com/articles/CBMi1wFBVV95cUxObUoxZGpDeHI5bm5MM0xaQ1d3aVdWeldTOUhTQ0VSVjVWNVJMdGs5VmRhdUNYZlBBTUVmdDdEVFEzcXlZcE1qU2lDYjFBSEtsZExmNm1yYVVvSFhpelR5WFNkMUNJeXdCSldQeFUzRGtMa3Z6R2RBcUNQNGFEM0FpZVlJeUY0WjFnaHhqNXJCWXRjbENZQ2lnd0l0Q2c2bWxEeUFvOWR4WFR2RkUwcTFYMzJ3UWNseWhFYmFiOGpZNlVhOHZHTzZzbUxvampUMGhKT245ZlVMSQ?oc=5,Watch
AWHCL,1,-0.4215,1.5,energy_transition,https://news.google.com/articles/CBMi-gFBVV95cUxQR3JtaGpPZDcxU191ZzZUc0JBb3lQU2h2VnpLR3lPWlJkc0Q0R1BZb0twSV9paWFiMDZIbm96OUdhMkNldG5xSGNQWmh4al9jdk9RUXpuSTh5UnhzVDQ2eDZBODJXOXBBS1d4YW1LeUlMQUFCY1llRXJUbFVRWGc2TGlncklaQ29nNjZod2dmTkFtWHh6d0Z4bDZIR3FLTU5nSUFnQ2Jzam0xUzJtQ2o3RXBsbzZhRnpLSVJxUDdVRlViVlhvWlRVZXlKcFA4YlRMZ3B5N3cwNGxVX3dkakU4V0lENXlLSXVaQ041X3VmdmtpdHllVV9fc2ln?oc=5,Watch
BFUTILITIE,1,-0.4215,1.5,manufacturing_pli,https://news.google.com/articles/CBMi7gFBVV95cUxPV0tvd3hzakJBeFg1Wmc2VHdWYklIaGFHWlk2UlZTaDJpNExMME9ZMC1RdWV0RDNNWEgyS25IeUV0d2V4RlRhOTNEeW9wWlhRZFdaUkZnOEEyUXJ4RHI4UjR3Qkd5V0ZTTmRiSTFTdkxDSjVHX2REYVhxYUVuSldtRnlSUVNTZlJJQUlmaTVHcHhxV3MxR3d3QzFQejc4bFV2azB5OUdEMzVVelFaVlc5VlpaNy1jYllCWE41T3pzd2xxVnI5aXc5d0ZvdS1iUlY0X1UxOERzNU00NUwzYWowWURUZFhtZkxwTHdmcExB?oc=5,Watch
ANSALAPI,1,-0.4767,1.5,capex_infra,https://news.google.com/articles/CBMi5AFBVV95cUxONGU3VFAzcUZDWWNaTmdFMjVvU2FpeFRaeHFsYlhDaERsTkJIM1dlbWpnMkJXZDNkdThtcTFWZUtSTThRb3MtRkg0V1J0ZWVub2g4blFNN1dwSEkwUXFzTjFqdzNGWEpJYzlVaXhBd3NJeGpsclhJLTJqVE1qRnlHVDRvMk5zQUdpQmFCTW5PYlBzQXBBRjJFSVp0V0FlWGhZWldGb2NyOExMMWFwaW4zdzFWb1c5eHp4dnM3TVM5dlJ3OFJtYkI3aXpCYkgxd3NULVMzVEtwQzhwbFVMODFiQnlUamo?oc=5,Watch
ATLANTAA,1,-0.4767,1.5,manufacturing_pli,https://news.google.com/articles/CBMizAFBVV95cUxOTXhuRWRRUlRSV3Bqc2Vtai1wUEp4ZHZpdXdBQ2d3ZktON1M3bXZNRkNraTI2QmJkbkFHVFI5QnJINjFjZ3AwVWJJbnk4dHlycnNtQ3NOc29XOTN0QlNISExickRsNHdlWVVOQmNzZFhNNWd2TGg1TFF0d2Fab3FsT3ozZUZBZWVHQl9MMXhJa1JJa29tLVdneUJZVG40clJtaFQ5QS1kNkhTMDlUZjc4MUhSTkNYLTc0YlRhQ3QwUmVaNjVodzF3Yy16djM?oc=5,Watch
BANG,1,-0.5106,1.5,capex_infra,https://news.google.com/articles/CBMi3wFBVV95cUxPd09FMjNzLWVMelFmMFZLX01xeldpdzdtMktxc0MyajctYVh0N3F2cnkzM1ZhNkppY2RzV2dHejFYUW05SDdPMGhqWUVzdlU0WHBhXzNSWnpHdkc5QVZtWlFjUVpHSWNNbjRoN3dtTnBNSWNCSW9ZamtlU3FQX1RmWXh3ekNSUUQ2STdtTjJ1Z2cwd3V4WGRMY0E0YW9KYjFsc1Q1N0I2RW1rSFlKRUR0d1R1bl9Cd1h3LW5QNnVZemkybUpSZ05Ld001RzlVWUM4YnFTSVhubnFqRzRqbmFr?oc=5,Watch
BALAJEE,1,-0.5499,1.5,energy_transition,https://news.google.com/articles/CBMizgFBVV95cUxPU1czNUZYM0dOZzNWT1dlN194R28xSDdDOXE0bWpqOXJvU3dVbV9SbUdoSElYMUZaMDdFbm1zVW9zRjJrNnA3T2VyTl9MTHZwc0xVMHhpOVRlckRiZEdHUi1QdTFBZE5UektmTEtVaEN1N2RJb1pTVUdTdmtMQ2ZpaFk4SGpYSFN3TE12WXhzOVJsUFpVckZaYl8wUzduWDBqZ25IZmxXWkx5Z1FsdlFnUkFjM0lQUW41eTJabi03aFBycnNRUXk1RWdGM2lBZw?oc=5,Watch
ASTRAL,1,-0.5719,1.5,energy_transition,https://news.google.com/articles/CBMi0gFBVV95cUxQVTlldzhLaUhHdUstUUZxbENZbGFKYkRoOXc4dnJLQkEzeWJvNGlUbEFMVTFINTZkZ0pfMFE4NS1xanNNVUNyWE9KNENmc2MySWtpeWFSRFVmTFVWdWxlQ085NHVqcDNaNUl4Z0dDejk2VzEyS3JVRm5Vbk1LZVB0ZzVfTU94T0c5OTRGUHFrQkZVVW5MMl9RQk1ISHl2OW5PdlhCZldGTk5LcVFlNm1WRkthWnZJMWt0dXNhdVFMR1EyaVVYUWtORTdsTU5MV3dCOEE?oc=5,Watch
ASTRAMICRO,1,-0.7184,1.5,energy_transition,https://news.google.com/articles/CBMi4wFBVV95cUxQc2FqTnRiTXFJTmdlbGFELXN6bzVTS21BT08xRGpPSWViVHBieXhmbTNqaUVCMXo1T3VHZk1GbVNKaDR2UUR0MzdjVVc1M2YtZ0NtYXlaSkRQclItZ1AxZnJqUWNrRk5BTTBMSGkweGpHTE14MWZnaDRhNEp5b2NlMmZwNU9hM0Vab1JYWmFBQjkwU1piZlJSbVE0bVR4WC0xT05UMjRLOHVEbkxOYy15Wkd3eTM1RDlQd2dITjZUU3JMUFZhWlhoMy1LWU5NS3ZLcVpnZV9qX1Bja2FqV1B3T1RSbw?oc=5,Watch
BANSALWIRE,1,-0.7184,1.5,energy_transition,https://news.google.com/articles/CBMi5gFBVV95cUxQQVptZWlmQWVET2ZGdzM3eVlWd0tjR2ZBMU9QUWlCM0htbUxVNVlzQWNtU0pGZlZOWTBWVjg1WjFHdEtRWnB6X28xQ2FCdXBzMzRIZG94TTFrR3V4TXROZXZkbm9NVS1xWW1TMmR4ZTg0UVhLbnFXeGtESG82dG9TMUlob0ZfcmQzNWRtdmlSaGFaWGVvaGV3djlkNThnbjZPXzVaenBlY3hXT0NGRnpLZ2NObTlyRnAxRWJvQ0U5ZGFXbG9vNGUyMmcwdWtuQWwxdmJwLVJ5MlYxb3ZWZWlsOVBQWVFMQQ?oc=5,Watch
